month,County,Count,TotalHU,CustomerOut,CustomerMinutes,MedCustomerMinutes,MinCustomerMinutes,MaxCustomerMinutes,AvgCustomerMinutes,MedCustomerOut,MinCustomerOut,MaxCustomerOut,AvgCustomerOut,TotalDuration,MaxDuration,MinDuration,AvgDuration,MedDuration,PctCustomerOut,PctDuration
Apr,Alameda,3,619166,15012,79957260,2632320,1173240,76151700,26652420,3259,3255,8498,5004,450,300,60,150,90,0.006061379339304807,0.02
Apr,Alpine,1,1822,1355,1097550,1097550,1097550,1097550,1097550,1355,1355,1355,1355,90,90,90,90,90,0.18592206366630076,0
Apr,Amador,2,19079,4155,64872560,32436280,9118460,55754100,32436280,2077.5,1378,2777,2077.5,710,450,260,355,355,0.0544446773939934,0.03
Apr,Butte,6,88341,15953,32215650,2137500,324360,22393100,5369275,1493.5,626,7296,2658.833333333333,1070,610,60,178.33333333333331,105,0.04514608166083699,0.05
Apr,Calaveras,3,29159,3046,6688930,3017770,314160,3357000,2229643.3333333335,1031,642,1373,1015.3333333333334,440,190,70,146.66666666666666,180,0.026115436057477966,0.02
Apr,Colusa,2,8220,3554,2945660,1472830,1379920,1565740,1472830,1777,1294,2260,1777,190,110,80,95,95,0.10809002433090024,0.01
Apr,Contra Costa,4,421474,18699,11841100,2390840,947100,6112320,2960275,4496,2695,7012,4674.75,320,120,60,80,70,0.011091431499926448,0.02
Apr,El Dorado,7,93927,19606,1373531460,2412000,545020,1358583300,196218780,2944,918,5669,2800.8571428571427,3610,2900,70,515.7142857142857,110,0.05218414300467384,0.16999999999999998
Apr,Fresno,7,338718,26753,37480030,3129000,627360,21930510,5354290,3991,1746,6930,3821.8571428571427,740,210,60,105.71428571428571,100,0.01974577672281957,0.04
Apr,Humboldt,7,63591,6956,41954140,519260,191880,34888840,5993448.571428572,657,533,2080,993.7142857142857,1150,530,60,164.28571428571428,80,0.027346637102734665,0.05
Apr,Imperial,1,58658,608,218880,218880,218880,218880,218880,608,608,608,608,60,60,60,60,60,0.0025912918953936376,0
Apr,Kern,2,303102,7187,2804960,1402480,847280,1957680,1402480,3593.5,1749,5438,3593.5,130,70,60,65,65,0.005927872465374693,0.01
Apr,Kings,7,47140,11233,290421470,2107980,509280,240040850,41488781.428571425,1513,541,3380,1604.7142857142858,2410,1190,70,344.28571428571433,180,0.05957254985150615,0.11
Apr,Lake,1,35492,566,201060,201060,201060,201060,201060,566,566,566,566,60,60,60,60,60,0.003986813929899696,0
Apr,Lassen,2,12710,3032,40408440,20204220,13926360,26482080,20204220,1516,1249,1783,1516,900,480,420,450,450,0.05963808025177026,0.04
Apr,Los Angeles,2,3571222,47899,222849360,111424680,98268240,124581120,111424680,23949.5,23475,24424,23949.5,450,240,210,225,225,0.0033531239446889607,0.02
Apr,Madera,4,51491,5566,20456270,808055,433920,18406240,5114067.5,901.5,678,3085,1391.5,630,340,80,157.5,105,0.027024140140995512,0.03
Apr,Marin,5,112601,13488,9808580,2355850,387200,3332670,1961716,2556,618,5380,2697.6,480,120,70,96,100,0.029946448077725774,0.02
Apr,Mariposa,1,10512,861,2111840,2111840,2111840,2111840,2111840,861,861,861,861,160,160,160,160,160,0.02047659817351598,0.01
Apr,Mendocino,8,41054,6643,12879850,738415,240960,6739200,1609981.25,779.5,575,1174,830.375,1040,300,60,130,90,0.04045281823939202,0.05
Apr,Merced,4,88113,4694,3475430,474345,278040,2248700,868857.5,770,712,2442,1173.5,320,100,60,80,80,0.01331812558873265,0.02
Apr,Modoc,1,5192,1199,431640,431640,431640,431640,431640,1199,1199,1199,1199,60,60,60,60,60,0.057733050847457626,0
Apr,Mono,2,14215,1117,730440,365220,217440,513000,365220,558.5,513,604,558.5,160,100,60,80,80,0.019644741470277876,0.01
Apr,Monterey,8,142847,13045,18639210,1316735,947610,7522610,2329901.25,1293,776,4323,1630.625,1060,230,90,132.5,110,0.0228303709563379,0.05
Apr,Napa,4,54759,5294,4472120,882280,379080,2328480,1118030,1335,665,1959,1323.5,360,120,60,90,90,0.02416954290618894,0.02
Apr,Nevada,6,54813,7906,16761240,3215200,234360,5280300,2793540,830.5,595,3644,1317.6666666666665,970,300,60,161.66666666666666,155,0.036058964114352436,0.05
Apr,Orange,1,1112447,21687,9311050,9311050,9311050,9311050,9311050,21687,21687,21687,21687,70,70,70,70,70,0.004873715332056269,0
Apr,Placer,4,172645,9073,14093560,2759445,574720,7999950,3523390,1679,898,4817,2268.25,540,190,80,135,135,0.013138231631382316,0.03
Apr,Plumas,2,16137,2396,3643360,1821680,236880,3406480,1821680,1198,658,1738,1198,200,140,60,100,100,0.03711966288653405,0.01
Apr,Riverside,3,867637,34626,80358590,21769880,8693370,49895340,26786196.666666668,11233,4676,18717,11542,480,220,90,160,170,0.009977098717551234,0.02
Apr,Sacramento,1,585981,3425,3425000,3425000,3425000,3425000,3425000,3425,3425,3425,3425,100,100,100,100,100,0.0014612248520003209,0
Apr,San Benito,1,20246,595,456030,456030,456030,456030,456030,595,595,595,595,90,90,90,90,90,0.007347130297342685,0
Apr,San Bernardino,6,735705,44270,167957040,4086655,1695420,86412390,27992840,5841,4336,14057,7378.333333333333,1050,400,60,175,80,0.015043393751571621,0.05
Apr,San Diego,2,1233344,22240,12693190,6346595,5196960,7496230,6346595,11120,6676,15564,11120,160,90,70,80,80,0.00450806911940221,0.01
Apr,San Francisco,3,408176,18869,85826750,1623280,1126720,83076750,28608916.666666664,2538,2326,14005,6289.666666666667,400,250,70,133.33333333333334,80,0.01155690192465995,0.02
Apr,San Joaquin,3,252576,24547,734401250,4047680,1277120,729076450,244800416.6666667,3396,2715,18436,8182.333333333334,1060,850,80,353.3333333333333,130,0.0242966473457494,0.05
Apr,San Luis Obispo,6,123678,13217,25219630,798780,443450,13995400,4203271.666666666,1661,998,4938,2202.8333333333335,710,260,60,118.33333333333334,65,0.0267165542780446,0.03
Apr,San Mateo,5,281148,21642,24543540,2816760,819420,10477320,4908708,3513,2638,8991,4328.4,560,190,60,112,120,0.019244312604037733,0.03
Apr,Santa Barbara,15,160661,25977,117570890,5401920,537920,27719580,7838059.333333334,1126,813,4034,1731.8,3250,500,60,216.66666666666669,160,0.04042206882815369,0.15
Apr,Santa Clara,3,681145,19207,66588110,5763680,2668080,58156350,22196036.666666664,4767,4180,10260,6402.333333333333,510,350,80,170,80,0.0070495268995588315,0.02
Apr,Santa Cruz,9,106148,10947,10336430,844640,205260,4331520,1148492.2222222222,1257,571,1834,1216.3333333333333,830,160,60,92.22222222222223,80,0.025782398161058144,0.04
Apr,Shasta,2,78241,4956,7735440,3867720,1703160,6032280,3867720,2478,2443,2513,2478,260,170,90,130,130,0.015835687171687478,0.01
Apr,Siskiyou,4,24388,4048,7904130,1202925,807840,4690440,1976032.5,739.5,656,1913,1012,590,270,90,147.5,115,0.0414958176152206,0.03
Apr,Solano,3,161786,10492,12878820,1778340,758880,10341600,4292940,3440,2108,4944,3497.3333333333335,320,200,60,106.66666666666667,60,0.016212774900176776,0.02
Apr,Sonoma,4,206362,12627,21368760,2787820,909600,14883520,5342190,2604.5,1447,5971,3156.75,450,160,80,112.5,105,0.015297147730686852,0.02
Apr,Sutter,2,34675,4221,2073600,1036800,939000,1134600,1036800,2110.5,1069,3152,2110.5,160,100,60,80,80,0.030432588320115358,0.01
Apr,Tehama,3,27858,3712,19183850,5117850,1028800,13037200,6394616.666666667,1029,825,1858,1237.3333333333333,670,400,100,223.33333333333334,170,0.033311795534496376,0.03
Apr,Tulare,4,151433,22920,42289070,4774240,1205760,31534830,10572267.5,2957.5,1235,15770,5730,730,510,60,182.5,80,0.03783851604339873,0.03
Apr,Tuolumne,4,32009,10549,568111410,6388505,1510400,553824000,142027852.5,2672,1703,3502,2637.25,2780,2400,80,695,150,0.08239089006217001,0.13
Apr,Ventura,9,290889,35174,29656090,2159520,781480,9770400,3295121.111111111,2915,1520,10256,3908.222222222222,840,120,70,93.33333333333333,90,0.030229743991694428,0.04
Apr,Yolo,5,79713,11492,5760620,1000400,554240,2130240,1152124,1684,866,5851,2298.4,460,120,70,92,90,0.03604179995734698,0.02
Apr,Yuba,2,29477,3937,2641820,1320910,1243620,1398200,1320910,1968.5,1399,2538,1968.5,170,100,70,85,85,0.03339044000407097,0.01
Aug,Alameda,12,619166,85970,1326830350,19501430,1833540,991864320,110569195.83333334,5545,3118,18751,7164.166666666667,3370,1020,60,280.8333333333333,190,0.03471201584066309,0.16
Aug,Amador,10,19079,15468,21932250,1088340,249480,7992820,2193225,1574,682,2791,1546.8,1210,240,60,121,100,0.20268357880392054,0.06
Aug,Butte,7,88341,15068,205976730,4520300,387780,154031560,29425247.142857146,1407,651,5753,2152.5714285714284,1990,700,60,284.2857142857143,170,0.04264158205136913,0.09
Aug,Calaveras,8,29159,15819,45101190,2329600,512800,27522180,5637648.75,1345,884,4187,1977.375,1210,270,80,151.25,140,0.1356270791179396,0.06
Aug,Colusa,1,8220,562,680020,680020,680020,680020,680020,562,562,562,562,110,110,110,110,110,0.017092457420924575,0.01
Aug,Contra Costa,12,421474,72941,703431710,5468980,1740960,635451000,58619309.166666664,4788.5,3153,18733,6078.416666666667,2340,1000,60,195,130,0.043265420880054285,0.11
Aug,El Dorado,17,93927,98286,400142800,2137350,235500,217962150,23537811.76470588,1149,571,72584,5781.529411764706,4260,1150,60,250.58823529411762,150,0.261602095244179,0.2
Aug,Fresno,13,338718,37899,219168940,8090250,643800,96785150,16859149.230769232,2504,1729,5950,2915.3076923076924,2520,560,60,193.84615384615387,150,0.027972384107133368,0.12
Aug,Glenn,1,11185,903,36800400,36800400,36800400,36800400,36800400,903,903,903,903,780,780,780,780,780,0.020183281180151988,0.04
Aug,Humboldt,7,63591,12876,178203910,29640100,180360,70273590,25457701.428571425,780,501,7108,1839.4285714285713,3570,930,60,510,700,0.050620370807189695,0.16999999999999998
Aug,Kern,12,303102,31090,84151860,2111705,650100,43572600,7012655,2350.5,1664,5069,2590.8333333333335,1500,300,60,125,95,0.025643182822944092,0.06999999999999999
Aug,Kings,2,47140,4273,180266500,90133250,1056440,179210060,90133250,2136.5,539,3734,2136.5,1080,940,140,540,540,0.02266122189223589,0.05
Aug,Lake,12,35492,21830,3011304980,3349980,342080,2935170840,250942081.66666663,849.5,535,6077,1819.1666666666667,7190,4690,60,599.1666666666667,150,0.1537670460948946,0.33999999999999997
Aug,Lassen,1,12710,2176,1577880,1577880,1577880,1577880,1577880,2176,2176,2176,2176,90,90,90,90,90,0.04280094413847364,0
Aug,Los Angeles,1,3571222,18523,47293760,47293760,47293760,47293760,47293760,18523,18523,18523,18523,160,160,160,160,160,0.001296685000260415,0.01
Aug,Madera,10,51491,25145,19162570,824650,286500,7676370,1916257,925.5,581,15451,2514.5,1080,270,60,108,85,0.12208444194131013,0.05
Aug,Marin,12,112601,141702,668752020,5934020,222420,273599950,55729335,1226.5,618,61314,11808.5,3500,910,60,291.6666666666667,170,0.3146108826742214,0.16999999999999998
Aug,Mariposa,5,10512,3576,118296470,5844120,647190,74818240,23659294,609,535,1025,715.2,2470,1120,90,494,310,0.08504566210045662,0.12
Aug,Mendocino,9,41054,10987,22619550,1887150,706320,6362980,2513283.3333333335,869,702,3766,1220.7777777777778,1310,270,90,145.55555555555554,130,0.06690578262775856,0.06
Aug,Merced,8,88113,15727,23445180,1625305,361600,11275560,2930647.5,1708.5,565,4693,1965.875,950,210,60,118.75,100,0.04462167898040017,0.05
Aug,Mono,4,14215,6780,9706580,2538630,670320,3959000,2426645,1678.5,1468,1955,1695,550,200,80,137.5,135,0.11924023918396061,0.03
Aug,Monterey,34,142847,142181,1506792620,5363660,306600,562589160,44317430,1863.5,726,69169,4181.794117647059,11790,2380,60,346.76470588235287,165,0.2488344172436243,0.5599999999999999
Aug,Napa,25,54759,100037,27041717830,10785160,481920,22573161600,1081668713.1999996,2060,753,24372,4001.4800000000005,25270,13200,60,1010.8000000000002,240,0.4567148779196114,1.2
Aug,Nevada,8,54813,32367,894378320,10280930,1217340,714442680,111797290,1572,598,15266,4045.875,4310,2180,90,538.75,255,0.14762465108642112,0.21
Aug,Orange,3,1112447,55105,495333820,124633960,3940920,366758940,165111273.33333334,16090,10971,28044,18368.333333333332,810,530,60,270,220,0.012383736034166122,0.04
Aug,Placer,6,172645,13684,45065380,1541390,430200,37150720,7510896.666666666,1774,1023,4370,2280.6666666666665,790,320,60,131.66666666666666,110,0.019815227779547626,0.04
Aug,Plumas,1,16137,1727,4136000,4136000,4136000,4136000,4136000,1727,1727,1727,1727,160,160,160,160,160,0.026755282890252214,0.01
Aug,Riverside,6,867637,56739,41671680,4587030,2376660,19232940,6945280,6675,5506,22477,9456.5,570,190,60,95,85,0.01634871495798358,0.03
Aug,Sacramento,6,585981,32104,30834740,5415035,1923110,8661840,5139123.333333333,4692,3848,8851,5350.666666666667,610,130,70,101.66666666666667,105,0.013696689824414103,0.03
Aug,San Benito,2,20246,1397,784010,392005,321930,462080,392005,698.5,657,740,698.5,150,80,70,75,75,0.017250321051071816,0.01
Aug,San Bernardino,11,735705,150521,2502503010,8132740,1564680,1254368430,227500273.63636363,6699,4094,68512,13683.727272727272,3550,1410,60,322.72727272727275,100,0.05114855818568584,0.16999999999999998
Aug,San Diego,1,1233344,45980,17150000,17150000,17150000,17150000,17150000,45980,45980,45980,45980,80,80,80,80,80,0.009320189663224534,0
Aug,San Francisco,5,408176,28983,23505570,4486240,750240,11182770,4701114,4099,2085,10705,5796.6,470,170,60,94,80,0.017751533652150053,0.02
Aug,San Joaquin,10,252576,98123,59730940,3465420,853080,15921010,5973094,3012,1904,67403,9812.299999999997,1200,250,60,120,105,0.09712225231217535,0.06
Aug,San Luis Obispo,15,123678,37937,161518440,2837100,448640,79352280,10767896,2151,702,5539,2529.133333333333,2810,630,60,187.33333333333334,130,0.07668502077976681,0.13
Aug,San Mateo,6,281148,77780,325068540,15589560,2549360,210663360,54178090,7438.5,2342,36692,12963.333333333332,1450,480,110,241.66666666666666,220,0.06916286084197647,0.06999999999999999
Aug,Santa Barbara,9,160661,35381,1242495450,5083380,450060,1164134720,138055050,1749,935,20650,3931.222222222222,2960,1120,60,328.8888888888889,180,0.05505536502324771,0.13999999999999999
Aug,Santa Clara,16,681145,166609,9422313080,23937690,1302120,6303438550,588894567.5,7818,3618,27369,10413.0625,6720,1970,60,420,210,0.06115034243810055,0.32
Aug,Santa Cruz,28,106148,171243,102183307110,12076670,271460,92135142000,3649403825.357143,6325,554,43628,6115.821428571428,26380,13200,60,942.1428571428573,210,0.4033118852922335,1.25
Aug,Shasta,12,78241,51727,6516523760,21153775,256020,5987066800,543043646.6666666,1352,582,17405,4310.583333333334,8660,4420,60,721.6666666666667,270,0.16528099078488262,0.41000000000000003
Aug,Siskiyou,7,24388,43200,53132900,5246200,833580,19662720,7590414.285714285,3550,1030,22064,6171.428571428572,1040,250,70,148.57142857142858,160,0.44284074134820406,0.05
Aug,Solano,31,161786,82253,5737084060,9622320,470820,4556574720,185067227.74193546,1448,879,12615,2653.3225806451615,12840,2380,60,414.19354838709677,220,0.1271015415425315,0.61
Aug,Sonoma,25,206362,125171,1986790920,3350340,373320,1646010580,79471636.80000001,1549,1035,42616,5006.840000000001,5780,1220,60,231.2,160,0.15164007908432753,0.27
Aug,Stanislaus,1,186003,1695,3790650,3790650,3790650,3790650,3790650,1695,1695,1695,1695,150,150,150,150,150,0.0022781890614667504,0.01
Aug,Sutter,3,34675,19256,628091880,1050480,698760,626342640,209363960,1792,935,16529,6418.666666666666,830,660,80,276.6666666666667,90,0.13883201153568853,0.04
Aug,Tehama,14,27858,32313,62013000,3274905,199080,13242880,4429500,929.5,545,7859,2308.0714285714284,2120,250,60,151.42857142857142,150,0.2899795390911049,0.1
Aug,Trinity,1,8951,735,2124150,2124150,2124150,2124150,2124150,735,735,735,735,170,170,170,170,170,0.020528432577365658,0.01
Aug,Tulare,12,151433,34543,53564830,2695995,789300,14131780,4463735.833333333,1863.5,790,9975,2878.583333333333,1870,370,70,155.83333333333334,115,0.05702686996889714,0.09
Aug,Tuolumne,20,32009,52772,922167160,5141345,258720,484740440,46108358,2816,528,4154,2638.6,4980,1090,70,249,155,0.412165328501359,0.24
Aug,Ventura,8,290889,27359,82215050,1800160,962040,66666240,10276881.25,2986,1861,5418,3419.875,1090,480,60,136.25,85,0.023513264509830212,0.05
Aug,Yolo,10,79713,21980,459263770,4369375,664160,420280600,45926377,1723,907,4886,2198,3790,2360,60,379,150,0.0689348036079435,0.18
Aug,Yuba,4,29477,16406,99120670,2601320,295470,93622560,24780167.5,1354,603,13095,4101.5,780,480,60,195,120,0.13914238219628863,0.04
Dec,Alameda,5,619166,26870,50968620,2189670,1287600,41904500,10193724,4471,3124,10653,5374,550,250,60,110,80,0.010849271439323219,0.03
Dec,Amador,10,19079,16723,163623700,3829105,1065720,95031300,16362370,1537,561,3009,1672.3,2560,590,60,256,195,0.21912836102521097,0.12
Dec,Butte,8,88341,40685,386433780,3441025,345870,350448800,48304222.5,3608,604,15177,5085.625,1600,520,60,200,130,0.1151362334589828,0.08
Dec,Calaveras,5,29159,8848,119101440,1321670,348160,106345210,23820288,1326,551,3541,1769.6,1420,890,70,284,100,0.07585994032717171,0.06999999999999999
Dec,Colusa,2,8220,4875,39466800,19733400,607590,38859210,19733400,2437.5,775,4100,2437.5,480,390,90,240,240,0.14826642335766424,0.02
Dec,Contra Costa,4,421474,12796,15362450,3128770,948780,8156130,3840612.5,2679.5,2274,5163,3199,470,190,60,117.5,110,0.0075900292781998415,0.02
Dec,Del Norte,3,11590,7344,66772710,5671840,1178310,59922560,22257570,2406,2270,2668,2448,870,640,70,290,160,0.15841242450388265,0.04
Dec,El Dorado,15,93927,41399,205821580,2126880,281040,124520320,13721438.666666666,1624,514,10586,2759.9333333333334,2680,640,60,178.66666666666669,110,0.11018929594259372,0.13
Dec,Fresno,8,338718,25428,23879100,1635405,637320,13040700,2984887.5,2348.5,1771,8723,3178.5,720,170,60,90,80,0.018767824562025047,0.03
Dec,Glenn,1,11185,563,360320,360320,360320,360320,360320,563,563,563,563,80,80,80,80,80,0.012583817612874386,0
Dec,Humboldt,12,63591,26127,310034720,3435150,198180,227163150,25836226.666666664,1726.5,546,5033,2177.25,3160,1350,60,263.33333333333337,140,0.10271500684059065,0.15
Dec,Imperial,3,58658,2577,11464200840,2764130170,1238838500,7461232170,3821400280,797,794,986,859,19510,9690,3950,6503.333333333333,5870,0.010983156602679942,0.9299999999999999
Dec,Kern,24,303102,114290,3443135160,6033275,558420,1386990340,143463965,3455,1552,16155,4762.083333333334,7530,1800,60,313.75,110,0.09426694644047219,0.36
Dec,Kings,7,47140,34068,53480060,2140260,479250,34821800,7640008.571428572,3481,676,11695,4866.857142857143,890,330,60,127.14285714285714,90,0.18067458633856598,0.04
Dec,Lake,7,35492,14999,13647800,1084230,287280,4198140,1949685.7142857143,1667,798,4168,2142.714285714286,680,180,60,97.14285714285714,80,0.10565056914234193,0.03
Dec,Lassen,2,12710,4888,46600260,23300130,12140100,34460160,23300130,2444,724,4164,2444,890,480,410,445,445,0.0961447678992919,0.04
Dec,Los Angeles,5,3571222,247106,2279329500,30146700,12048800,1894893660,455865900,35011,19803,114006,49421.2,1450,890,60,290,80,0.01729842054064407,0.06999999999999999
Dec,Madera,7,51491,8487,42975350,534520,181440,37062480,6139335.714285714,1163,504,1998,1212.4285714285713,990,520,60,141.42857142857142,70,0.04120623021498903,0.05
Dec,Marin,20,112601,48176,72569640,1620665,442560,27914640,3628482,2272,650,4680,2408.8,2580,460,60,129,90,0.10696174989564924,0.12
Dec,Mariposa,5,10512,5037,15287990,1141920,527000,11503830,3057598,760,527,2294,1007.4,810,390,60,162,120,0.11979166666666667,0.04
Dec,Mendocino,11,41054,14783,89679040,958800,268440,55803020,8152640,1218,559,2436,1343.909090909091,2270,910,60,206.36363636363637,110,0.090021678764554,0.11
Dec,Merced,11,88113,16723,23043330,1416200,533000,6763200,2094848.1818181819,1108,533,4697,1520.2727272727273,1350,210,70,122.72727272727273,110,0.047447595700974884,0.06
Dec,Mono,1,14215,625,225000,225000,225000,225000,225000,625,625,625,625,60,60,60,60,60,0.010991909954273654,0
Dec,Monterey,25,142847,61445,187554890,2281950,459540,108317080,7502195.599999999,1767,769,6868,2457.8,3930,820,60,157.2,120,0.10753638508334092,0.19
Dec,Napa,9,54759,17405,143604560,3983280,239280,62706960,15956062.22222222,1674,512,4718,1933.888888888889,2480,640,60,275.55555555555554,280,0.0794618236271663,0.12
Dec,Nevada,3,54813,6780,62829560,17920760,2744320,42164480,20943186.666666668,1894,1072,3814,2260,1020,640,160,340,220,0.030923321109955666,0.05
Dec,Orange,3,1112447,18558,8316200,2366760,2113440,3836000,2772066.6666666665,6080,5871,6607,6186,200,80,60,66.66666666666667,60,0.004170535764849921,0.01
Dec,Placer,4,172645,10073,22702140,5691675,363240,10955550,5675535,1471,1375,5756,2518.25,580,270,60,145,125,0.014586289785397782,0.03
Dec,Plumas,5,16137,6998,86160430,882490,211140,81763760,17232086,1398,594,2505,1399.6,1430,1040,60,286,70,0.10841544277127099,0.06999999999999999
Dec,Riverside,13,867637,169199,12255330220,43476480,2146560,4422463920,942717709.2307693,8428,5567,25743,13015.307692307691,7060,1840,60,543.0769230769231,160,0.04875281943946604,0.33999999999999997
Dec,Sacramento,4,585981,62011,27921660,6242340,2556540,12880440,6980415,14783,5233,27212,15502.75,350,120,60,87.5,85,0.026456062568581577,0.02
Dec,San Benito,1,20246,1947,1176800,1176800,1176800,1176800,1176800,1947,1947,1947,1947,80,80,80,80,80,0.024041786031808753,0
Dec,San Bernardino,13,735705,204012,3690911700,131329500,5641020,1582548000,283916284.61538464,15228,5305,33541,15693.23076923077,5830,1040,110,448.46153846153845,340,0.06932534099944951,0.27999999999999997
Dec,San Diego,12,1233344,253593,31574960270,1004786650,8326000,8818883760,2631246689.166667,11064,7007,73789,21132.75,10750,2320,100,895.8333333333333,690,0.05140354191531316,0.51
Dec,San Francisco,6,408176,24713,35473890,2525280,1162630,14099400,5912315,3940.5,2373,5966,4118.833333333333,730,220,70,121.66666666666667,80,0.015136240249304222,0.03
Dec,San Joaquin,11,252576,26309,230707490,2364390,586260,188973820,20973408.18181818,1952,1551,5469,2391.7272727272725,2110,860,60,191.81818181818184,110,0.026040676865577095,0.1
Dec,San Luis Obispo,14,123678,29303,550851140,1220750,312690,463811280,39346510,1457,634,6640,2093.0714285714284,3300,1140,60,235.71428571428572,100,0.059232442309869175,0.16
Dec,San Mateo,15,281148,73931,47546010,2351920,509760,16547720,3169734,2752,1418,33771,4928.733333333334,1360,150,60,90.66666666666667,80,0.06574028625492623,0.06
Dec,Santa Barbara,20,160661,94897,206104280,3060285,369840,71390720,10305214,1445.5,834,56656,4744.850000000001,3340,480,60,167,130,0.14766651520904264,0.16
Dec,Santa Clara,5,681145,31372,86104890,8150800,5211000,52660940,17220978,7096,3655,8024,6274.4,820,310,120,164,130,0.011514435252405876,0.04
Dec,Santa Cruz,25,106148,56672,658472300,3611720,347580,499258440,26338892,1857,582,8617,2266.88,6020,1410,60,240.8,150,0.13347401740965445,0.29
Dec,Shasta,17,78241,18457,216308270,2489400,257040,47394110,12724015.88235294,998,545,2041,1085.7058823529412,5020,720,60,295.29411764705884,170,0.058974834166229985,0.24
Dec,Sierra,4,2401,3252,38803600,3152980,344960,32152680,9700900,695,626,1236,813,1040,540,70,260,215,0.33860891295293627,0.05
Dec,Siskiyou,6,24388,8155,15830590,1567200,343980,6034030,2638431.6666666665,1295,630,2331,1359.1666666666667,870,290,60,145,120,0.08359644087256028,0.04
Dec,Solano,10,161786,35038,143751500,2694065,959000,61651440,14375150,3315,1019,7952,3503.8,2160,720,60,216,110,0.05414250924060178,0.1
Dec,Sonoma,25,206362,86101,139991320,1545570,421080,26651580,5599652.799999999,2734,1108,11690,3444.04,2950,290,60,118,100,0.10430820596815304,0.13999999999999999
Dec,Stanislaus,1,186003,2422,871920,871920,871920,871920,871920,2422,2422,2422,2422,60,60,60,60,60,0.003255323838862814,0
Dec,Sutter,3,34675,5775,15831950,5944050,1051820,8836080,5277316.666666667,1726,899,3150,1925,500,240,110,166.66666666666666,150,0.0416366258111031,0.02
Dec,Tehama,7,27858,7172,76416690,634880,182160,55799240,10916670,959,506,2324,1024.5714285714287,1500,490,60,214.28571428571428,80,0.06436212219111206,0.06999999999999999
Dec,Trinity,1,8951,595,719950,719950,719950,719950,719950,595,595,595,595,110,110,110,110,110,0.016618254943581722,0.01
Dec,Tulare,12,151433,16861,85340330,1043005,291240,43566240,7111694.166666668,1103.5,810,2596,1405.0833333333333,1960,620,60,163.33333333333331,75,0.027835742539604975,0.09
Dec,Tuolumne,3,32009,2948,6618920,1048320,184320,5386280,2206306.6666666665,536,512,1900,982.6666666666666,370,170,60,123.33333333333333,140,0.023024774282233124,0.02
Dec,Ventura,26,290889,300342,31165258600,6170885,1432260,14474060130,1198663792.3076923,4089.5,1569,133824,11551.615384615385,12590,3210,60,484.23076923076917,135,0.25812423295483844,0.6
Dec,Yolo,11,79713,27466,64985510,7760480,277560,10939320,5907773.636363637,1819,721,5898,2496.909090909091,1950,360,60,177.27272727272728,180,0.08614027824821548,0.09
Dec,Yuba,4,29477,10781,6818200,1238700,260680,4080120,1704550,764,532,8721,2695.25,450,220,70,112.5,80,0.09143569562709909,0.02
Feb,Alameda,6,619166,91463,4295637110,5050040,1588920,4274504860,715939518.3333334,8648.5,3326,55380,15243.833333333334,1730,1340,60,288.33333333333337,80,0.03692991863248305,0.08
Feb,Alpine,2,1822,2225,11797540,5898770,4224740,7572800,5898770,1112.5,869,1356,1112.5,580,320,260,290,290,0.30529637760702527,0.03
Feb,Amador,11,19079,39481,7083477660,20349000,782480,5940702240,643952514.5454546,1380,533,12520,3589.181818181818,9160,4070,80,832.7272727272726,420,0.5173358142460297,0.44
Feb,Butte,13,88341,21719,269391940,5768910,297080,133246620,20722456.92307692,1374,607,4717,1670.6923076923076,3860,1170,70,296.9230769230769,190,0.061463533353708924,0.18
Feb,Calaveras,16,29159,38099,4758494770,6337500,306660,3943745320,297405923.125,1416,606,9898,2381.1875,10250,4190,60,640.625,270,0.3266487190918756,0.49
Feb,Contra Costa,4,421474,39492,250459650,61101475,3017300,125239400,62614912.5,8434.5,3058,19565,9873,1290,550,100,322.5,320,0.023424932498801825,0.06
Feb,Del Norte,4,11590,5618,133784530,2558830,352560,128314310,33446132.5,980.5,718,2939,1404.5,1440,1030,60,360,175,0.12118205349439172,0.06999999999999999
Feb,El Dorado,19,93927,70099,47161326160,12367290,288000,28958928920,2482175061.0526314,1812,645,19192,3689.421052631579,23640,6680,60,1244.2105263157896,330,0.1865784066349399,1.1199999999999999
Feb,Fresno,3,338718,11182,36985280,2193030,1580400,33211850,12328426.666666668,2936,1953,6293,3727.3333333333335,490,310,90,163.33333333333334,90,0.008253178160003307,0.02
Feb,Glenn,3,11185,7924,39040480,15158840,458920,23422720,13013493.333333334,998,573,6353,2641.3333333333335,940,640,70,313.3333333333333,230,0.17711220384443452,0.04
Feb,Humboldt,6,63591,19940,21817052830,5410560,493080,21707084040,3636175471.6666665,1965.5,1152,10735,3323.3333333333335,8300,6870,60,1383.3333333333333,210,0.0783915962950732,0.38999999999999996
Feb,Imperial,1,58658,1288,2898000,2898000,2898000,2898000,2898000,1288,1288,1288,1288,150,150,150,150,150,0.00548944730471547,0.01
Feb,Kern,15,303102,72565,2863917200,3790640,669900,2080340440,190927813.3333333,3923,2001,11394,4837.666666666667,5200,2060,60,346.66666666666663,100,0.059851964025311614,0.25
Feb,Kings,1,47140,647,288610,288610,288610,288610,288610,647,647,647,647,70,70,70,70,70,0.003431268561731014,0
Feb,Lake,4,35492,5152,9612810,632405,347120,8000880,2403202.5,913.5,543,2782,1288,550,340,60,137.5,75,0.036289868139299,0.03
Feb,Lassen,2,12710,2864,96852760,48426380,46384060,50468700,48426380,1432,772,2092,1432,1370,790,580,685,685,0.05633359559402046,0.06999999999999999
Feb,Madera,10,51491,17262,1228247890,1689690,243540,839860420,122824789,1455.5,671,4361,1726.2,6120,2660,60,612,150,0.0838107630459692,0.29
Feb,Marin,13,112601,40651,3069553370,2619320,1120210,2925027200,236119490,2489,679,10062,3127,6000,3200,60,461.53846153846155,140,0.09025452704682907,0.29
Feb,Mariposa,10,10512,17733,386540080,1788010,244920,258457280,38654008,692,517,8586,1773.3,3570,1330,60,357,120,0.4217323059360731,0.16999999999999998
Feb,Mendocino,5,41054,15915,2787212140,3477750,187920,2657882670,557442428,1786,536,9540,3183,5120,3810,60,1024,150,0.09691503872947825,0.24
Feb,Merced,12,88113,16231,112436560,1095140,226800,94126380,9369713.333333334,1055,523,4045,1352.5833333333335,1830,570,60,152.5,120,0.04605166093538978,0.09
Feb,Mono,5,14215,5935,180512720,7511840,873600,150719280,36102544,1226,598,1785,1187,2610,1590,80,522,280,0.10437917692578262,0.12
Feb,Monterey,10,142847,54253,24760751900,3440510,487120,17339987270,2476075190,2813.5,763,17032,5425.3,11540,6310,70,1154,170,0.09494949141389039,0.5499999999999999
Feb,Napa,10,54759,25341,720740330,6920365,183660,436903200,72074033,2503.5,511,5080,2534.1,5140,1790,60,514,305,0.11569331068865392,0.24
Feb,Nevada,14,54813,37410,548331010,4572535,245420,486676260,39166500.71428571,1664,501,11492,2672.1428571428573,3370,1260,70,240.7142857142857,160,0.1706255815226315,0.16
Feb,Orange,1,1112447,7262,4576480,4576480,4576480,4576480,4576480,7262,7262,7262,7262,80,80,80,80,80,0.0016319878609947261,0
Feb,Placer,10,172645,28119,216167960,6443965,360960,119403260,21616796,2617.5,955,6988,2811.9,2500,860,60,250,145,0.04071794723276087,0.12
Feb,Plumas,8,16137,17593,691248260,875135,289100,337658720,86406032.5,1262.5,590,4650,2199.125,3510,1250,70,438.75,100,0.2725568569126851,0.16999999999999998
Feb,Riverside,7,867637,67929,2489498150,77687050,6689200,1048272500,355642592.85714287,10131,5398,11729,9704.142857142857,3500,1100,80,500,350,0.019572989625845832,0.16999999999999998
Feb,Sacramento,2,585981,10356,4908680,2454340,1317000,3591680,2454340,5178,3659,6697,5178,140,80,60,70,70,0.004418231990457029,0.01
Feb,San Benito,1,20246,769,682200,682200,682200,682200,682200,769,769,769,769,100,100,100,100,100,0.009495702854884916,0
Feb,San Bernardino,12,735705,80496,259779790,4828615,1416600,165594240,21648315.833333336,5645,4053,12973,6708,1670,480,60,139.16666666666666,100,0.02735335494525659,0.08
Feb,San Diego,2,1233344,13763,4942260,2471130,2356320,2585940,2471130,6881.5,6574,7189,6881.5,120,60,60,60,60,0.0027897731695293447,0.01
Feb,San Francisco,6,408176,32192,294672320,6225900,1564440,266354040,49112053.33333333,4833,2900,10064,5365.333333333333,1430,860,60,238.33333333333331,115,0.0197169848300733,0.06999999999999999
Feb,San Joaquin,6,252576,17094,11875850,1276535,571260,4397940,1979308.3333333335,2382.5,1826,5751,2849,520,140,60,86.66666666666667,80,0.016919659825161536,0.02
Feb,San Luis Obispo,17,123678,58166,568000550,3081120,227580,233527680,33411797.05882353,1389,683,18915,3421.529411764706,4190,960,60,246.47058823529412,140,0.11757547825805721,0.2
Feb,San Mateo,10,281148,70470,3158574420,5457610,642600,2852495800,315857442,4429.5,1771,19002,7047,3830,2200,60,383,125,0.06266272568184729,0.18
Feb,Santa Barbara,16,160661,59209,1853489330,2360480,306060,1658780480,115843083.125,2066.5,849,20617,3700.5625,5290,2240,60,330.625,115,0.09213343624152719,0.25
Feb,Santa Clara,7,681145,82728,1007421690,24183200,1943130,819958400,143917384.2857143,8175,3982,28886,11818.285714285714,1910,800,70,272.85714285714283,190,0.030363578973639973,0.09
Feb,Santa Cruz,13,106148,44542,10338498360,1965880,201840,5763633280,795269104.6153846,1105,564,14653,3426.307692307693,9340,4000,60,718.4615384615383,120,0.10490541508083054,0.44
Feb,Shasta,11,78241,41828,173753110910,2248320,537210,173619948000,15795737355.454546,996,552,30929,3802.5454545454545,14580,11400,60,1325.4545454545453,120,0.13365115476540432,0.69
Feb,Sierra,8,2401,6450,530190800,3585790,225360,359057760,66273850,678,541,1239,806.25,4600,2140,60,575,215,0.6715951686797168,0.22
Feb,Siskiyou,8,24388,21669,165175270,6066800,982500,117569700,20646908.75,2335.5,753,5623,2708.625,2460,900,100,307.5,225,0.22212768574708874,0.12
Feb,Solano,9,161786,25557,99320010,2589160,579600,72406200,11035556.666666668,2580,1191,5092,2839.6666666666665,1530,600,60,170,120,0.039491983237115696,0.06999999999999999
Feb,Sonoma,11,206362,25815,5765162510,2976000,661120,5672531520,524105682.72727257,1645,1033,7736,2346.818181818182,6160,4230,70,560,160,0.031273926401178515,0.29
Feb,Stanislaus,1,186003,5539,124289280,124289280,124289280,124289280,124289280,5539,5539,5539,5539,480,480,480,480,480,0.007444772396144148,0.02
Feb,Sutter,1,34675,1410,507600,507600,507600,507600,507600,1410,1410,1410,1410,60,60,60,60,60,0.010165825522710887,0
Feb,Tehama,5,27858,7300,448966540,6012170,551600,409669400,89793308,1362,852,2247,1460,3380,2380,80,676,190,0.06551080479574987,0.16
Feb,Trinity,3,8951,2485,720140090,42379440,4245210,673515440,240046696.6666667,593,589,1303,828.3333333333334,4130,2990,270,1376.6666666666667,870,0.06940565299966484,0.2
Feb,Tulare,7,151433,12657,14870090,1242670,302520,7642670,2124298.5714285714,1294,854,5171,1808.1428571428573,770,230,60,110,80,0.02089537947475121,0.04
Feb,Tuolumne,16,32009,58102,13602665940,5765040,270480,12336719820,850166621.25,926,552,26706,3631.375,11220,4170,70,701.25,285,0.4537942453684901,0.53
Feb,Ventura,5,290889,22742,19544970,2501280,904440,8142200,3908994,3216,2474,8419,4548.4,460,110,60,92,90,0.01954525609424901,0.02
Feb,Yolo,3,79713,6385,5877390,1506960,527310,3843120,1959130,2674,651,3060,2128.3333333333335,300,120,90,100,90,0.020024964560360292,0.01
Feb,Yuba,7,29477,13611,47623100,3413740,600960,15556360,6803300,706,563,6687,1944.4285714285713,1480,450,80,211.42857142857142,190,0.11543745971435357,0.06999999999999999
Jan,Alameda,9,619166,82193,68108600,6526980,1440360,14385300,7567622.222222222,7547,4012,18178,9132.555555555555,910,180,60,101.11111111111111,100,0.03318698055125766,0.04
Jan,Alpine,1,1822,1289,2526440,2526440,2526440,2526440,2526440,1289,1289,1289,1289,140,140,140,140,140,0.17686608122941821,0.01
Jan,Amador,17,19079,34144,195524870,2217000,256760,128756400,11501462.941176469,1420,524,6647,2008.4705882352941,2960,820,60,174.11764705882354,110,0.4474029037161277,0.13999999999999999
Jan,Butte,8,88341,15210,283277320,3952685,2183250,96756000,35409665,1688,972,3157,1901.25,3390,880,130,423.75,200,0.0430434339661086,0.16
Jan,Calaveras,6,29159,7872,150747670,1097465,426020,141317080,25124611.666666668,1193,592,2713,1312,1710,1060,70,285,115,0.06749202647553071,0.08
Jan,Colusa,2,8220,2360,14265710,7132855,767030,13498680,7132855,1180,737,1623,1180,500,390,110,250,250,0.07177615571776155,0.02
Jan,Contra Costa,5,421474,17484,207068080,1881630,1481120,195658090,41413616,2423,2334,5820,3496.8,1040,670,80,208,90,0.010370746475464678,0.05
Jan,Del Norte,8,11590,13036,348720850,4316880,308840,271257240,43590106.25,1680.5,631,2436,1629.5,3390,1830,60,423.75,195,0.281190681622088,0.16
Jan,El Dorado,11,93927,19526,692797780,1346520,327960,656369280,62981616.36363636,911,529,6003,1775.090909090909,3030,1460,60,275.45454545454544,110,0.05197121168567079,0.13999999999999999
Jan,Fresno,3,338718,10751,111960810,1315920,667440,109977450,37320270,2060,1896,6795,3583.6666666666665,690,550,60,230,80,0.007935066928831653,0.03
Jan,Glenn,1,11185,572,280280,280280,280280,280280,280280,572,572,572,572,70,70,70,70,70,0.012784979883772911,0
Jan,Humboldt,13,63591,23693,583227270,12329060,366800,321970880,44863636.15384616,1475,574,3775,1822.5384615384614,5150,1540,60,396.15384615384613,290,0.09314604267899546,0.24
Jan,Inyo,1,9478,817,3551310,3551310,3551310,3551310,3551310,817,817,817,817,210,210,210,210,210,0.021549905043258072,0.01
Jan,Kern,17,303102,64026,584956350,4419240,905100,419885780,34409197.058823526,2558,2026,14420,3766.235294117647,3240,730,60,190.58823529411762,140,0.05280895540115209,0.15
Jan,Kings,1,47140,856,547360,547360,547360,547360,547360,856,856,856,856,80,80,80,80,80,0.004539669070852779,0
Jan,Lake,5,35492,12266,170731350,9944030,180780,123713560,34146270,2690,503,5443,2453.2,1710,760,60,342,260,0.08639975205680153,0.08
Jan,Los Angeles,1,3571222,24764,27522660,27522660,27522660,27522660,27522660,24764,24764,24764,24764,110,110,110,110,110,0.0017335802702828332,0.01
Jan,Madera,7,51491,8853,19482250,1353500,202200,8150970,2783178.571428572,1084,568,2455,1264.7142857142858,910,280,60,130,100,0.042983239789477774,0.04
Jan,Marin,11,112601,46489,2563652740,1063740,288610,2513120620,233059340,1863,594,23859,4226.272727272727,3450,1940,60,313.6363636363636,110,0.1032162236569835,0.16
Jan,Mariposa,3,10512,5800,30992390,5006250,2933920,23052220,10330796.666666666,801,607,4392,1933.3333333333335,780,310,220,260,250,0.13793759512937595,0.04
Jan,Mendocino,9,41054,13643,2292192300,11113200,593280,1294084820,254688033.3333333,1007,630,4225,1515.888888888889,7110,3070,80,790,370,0.08307960247478931,0.33999999999999997
Jan,Merced,10,88113,32843,70927290,1160490,196740,30536840,7092729,1237.5,547,14686,3284.3,1440,370,60,144,120,0.0931843201343729,0.06999999999999999
Jan,Mono,2,14215,1064,1266650,633325,272930,993720,633325,532,507,557,532,210,140,70,105,105,0.01871262750615547,0.01
Jan,Monterey,15,142847,47161,5463624910,2077760,364800,5122895940,364241660.6666666,1938,791,15156,3144.0666666666666,5980,3060,60,398.66666666666663,110,0.08253761017032209,0.27999999999999997
Jan,Napa,8,54759,14412,134008650,1018920,242760,125532860,16751081.25,728,572,4407,1801.5,1470,740,60,183.75,105,0.06579740316660275,0.06999999999999999
Jan,Nevada,6,54813,11188,305180750,1144660,490560,300118260,50863458.33333333,1739.5,507,3722,1864.6666666666667,1840,1380,70,306.66666666666663,95,0.05102804079324248,0.09
Jan,Orange,2,1112447,86156,75098730,37549365,9092880,66005850,37549365,43078,14251,71905,43078,230,150,80,115,115,0.019361821282272325,0.01
Jan,Placer,11,172645,19053,15280180,1474720,464640,2534400,1389107.2727272727,1614,871,2806,1732.090909090909,1050,130,60,95.45454545454545,90,0.02758985200845666,0.05
Jan,Plumas,1,16137,6066,68739000,68739000,68739000,68739000,68739000,6066,6066,6066,6066,750,750,750,750,750,0.0939765755716676,0.04
Jan,Riverside,2,867637,17489,25459950,12729975,1972800,23487150,12729975,8744.5,5480,12009,8744.5,210,150,60,105,105,0.005039261811103031,0.01
Jan,Sacramento,1,585981,140044,5123374900,5123374900,5123374900,5123374900,5123374900,140044,140044,140044,140044,1450,1450,1450,1450,1450,0.05974767099957166,0.06999999999999999
Jan,San Bernardino,9,735705,62108,635571420,10464750,1997730,286053300,70619046.66666666,6520,4083,12331,6900.888888888889,2470,780,70,274.44444444444446,150,0.021104926567034343,0.12
Jan,San Diego,2,1233344,37089,53626200,26813100,2786040,50840160,26813100,18544.5,7739,29350,18544.5,200,140,60,100,100,0.007517975520211717,0.01
Jan,San Francisco,3,408176,12020,16681670,6953400,2447000,7281270,5560556.666666667,3177,2465,6378,4006.6666666666665,390,170,100,130,120,0.007362020304966485,0.02
Jan,San Joaquin,6,252576,39434,1253372010,2908685,988560,1241003400,208895335,4033,1432,13763,6572.333333333333,1980,1560,60,330,95,0.039031816166223234,0.09
Jan,San Luis Obispo,9,123678,15945,99920420,5407920,437990,34362000,11102268.888888888,1224,652,4269,1771.6666666666667,2140,500,70,237.77777777777777,260,0.032230873720467665,0.1
Jan,San Mateo,6,281148,41161,2276673610,6542630,1903680,2007128970,379445601.6666667,3804.5,2327,23553,6860.166666666667,2980,1530,80,496.6666666666667,170,0.036600829456371733,0.13999999999999999
Jan,Santa Barbara,12,160661,55255,527660910,3312740,712890,371490000,43971742.5,1341.5,829,22755,4604.583333333334,3700,870,70,308.33333333333337,160,0.0859807296107954,0.18
Jan,Santa Clara,4,681145,46067,2117031200,13655675,3055600,2086664250,529257800,6616.5,5691,27143,11516.75,2060,1650,80,515,165,0.016907927093350168,0.1
Jan,Santa Cruz,22,106148,58642,2500151000,2373685,195960,1964135360,113643227.27272728,1123,545,12523,2665.545454545455,6730,1760,60,305.9090909090909,155,0.13811376568564646,0.32
Jan,Shasta,5,78241,7966,90357740,4845340,935000,76209700,18071548,1623,857,2801,1593.2,1300,700,100,260,170,0.025453406781610663,0.06
Jan,Sierra,4,2401,3048,127006000,26642925,1183840,72536310,31751500,604,603,1237,762,2080,900,140,520,520,0.31736776343190337,0.1
Jan,Siskiyou,6,24388,5481,127204600,1050290,201600,123029950,21200766.666666664,636,518,2308,913.5,1510,970,60,251.66666666666669,125,0.056185419058553385,0.06999999999999999
Jan,Solano,9,161786,27972,80034560,1276920,564000,63683290,8892728.888888888,1224,872,9104,3108,1200,370,60,133.33333333333334,110,0.043223764726243306,0.06
Jan,Sonoma,7,206362,27663,1794121500,3366360,523320,1720844820,256303071.4285714,1730,1039,14472,3951.8571428571427,2890,1670,70,412.85714285714283,180,0.033512710673476706,0.13999999999999999
Jan,Stanislaus,1,186003,2422,2196480,2196480,2196480,2196480,2196480,2422,2422,2422,2422,120,120,120,120,120,0.003255323838862814,0.01
Jan,Sutter,4,34675,6953,9302380,1926710,259200,5189760,2325595,1282.5,720,3668,1738.25,410,180,60,102.5,85,0.05012977649603461,0.02
Jan,Tehama,8,27858,9363,24084560,1667880,266280,7459670,3010570,1147.5,554,1782,1170.375,1210,290,60,151.25,105,0.08402433771268576,0.06
Jan,Trinity,1,8951,790,88653780,88653780,88653780,88653780,88653780,790,790,790,790,1070,1070,1070,1070,1070,0.022064573790637917,0.05
Jan,Tulare,7,151433,14071,100224320,985950,560520,89945640,14317760,2076,1032,3355,2010.142857142857,1280,680,60,182.85714285714283,70,0.023229745167829996,0.06
Jan,Tuolumne,4,32009,10381,439175350,30143745,594100,378293760,109793837.5,1500,606,6775,2595.25,2000,1080,90,500,415,0.0810787590990034,0.1
Jan,Ventura,6,290889,27970,219383830,20383200,1458720,107990850,36563971.66666667,4582.5,1924,7893,4661.666666666667,1810,590,80,301.6666666666667,250,0.02403837890054282,0.09
Jan,Yolo,7,79713,18070,68885620,5284170,324000,45626490,9840802.857142856,1353,523,6958,2581.4285714285716,1240,390,70,177.14285714285714,160,0.056672061018905324,0.06
Jan,Yuba,5,29477,8178,44557550,1316480,291000,39817000,8911510,1150,809,3624,1635.6,960,580,60,192,110,0.06935916138005903,0.05
Jul,Alameda,2,619166,9165,9816450,4908225,3086480,6729970,4908225,4582.5,4342,4823,4582.5,210,130,80,105,105,0.003700542342441284,0.01
Jul,Amador,4,19079,15061,79910040,1141360,188820,77438500,19977510,709,525,13118,3765.25,540,250,60,135,115,0.1973504900676136,0.03
Jul,Butte,11,88341,20696,41373590,1842360,236520,16741120,3761235.4545454546,1531,657,3666,1881.4545454545455,1530,290,60,139.0909090909091,100,0.05856850160174777,0.06999999999999999
Jul,Calaveras,5,29159,5005,89200350,1361620,491670,69857060,17840070,883,607,1750,1001,1580,910,90,316,130,0.042911279536335264,0.08
Jul,Contra Costa,7,421474,23517,15885450,1555540,800220,5408200,2269350,3309,2244,4897,3359.5714285714284,580,140,60,82.85714285714286,70,0.013949259029026701,0.03
Jul,Del Norte,1,11590,1681,3917820,3917820,3917820,3917820,3917820,1681,1681,1681,1681,170,170,170,170,170,0.036259706643658324,0.01
Jul,El Dorado,7,93927,14253,37499420,4487520,513400,20011800,5357060,1874,514,3702,2036.142857142857,1070,300,100,152.85714285714286,120,0.03793637612188189,0.05
Jul,Fresno,6,338718,15924,101317410,1990900,624900,92231370,16886235,2717,1738,3326,2654,1040,630,60,173.33333333333331,85,0.011753139779993977,0.05
Jul,Glenn,1,11185,532,14360840,14360840,14360840,14360840,14360840,532,532,532,532,520,520,520,520,520,0.011890925346446134,0.02
Jul,Humboldt,11,63591,14074,200359890,1490720,204480,97390840,18214535.454545453,806,506,3887,1279.4545454545455,3000,1240,60,272.72727272727275,90,0.05533015678319259,0.13999999999999999
Jul,Imperial,1,58658,1579,568440,568440,568440,568440,568440,1579,1579,1579,1579,60,60,60,60,60,0.006729687340175253,0
Jul,Kern,16,303102,64226,164468360,4788445,572040,44522400,10279272.5,3604.5,1589,7863,4014.125,2460,300,60,153.75,140,0.05297391637138653,0.12
Jul,Kings,6,47140,7623,5258350,898075,520020,1207500,876391.6666666666,1293,539,1933,1270.5,580,150,70,96.66666666666667,85,0.040427450148493846,0.03
Jul,Lake,9,35492,22547,11864002400,1552980,402430,11851508940,1318222488.8888888,919,533,11131,2505.222222222222,7630,6690,70,847.7777777777778,120,0.15881747999549195,0.36
Jul,Los Angeles,2,3571222,42307,46613460,23306730,6606480,40006980,23306730,21153.5,18462,23845,21153.5,190,130,60,95,95,0.002961661302489736,0.01
Jul,Madera,11,51491,32227,57185250,3836000,199560,17345790,5198659.090909091,1658,555,16783,2929.727272727273,1770,350,60,160.9090909090909,160,0.15646909168592568,0.08
Jul,Marin,8,112601,17406,53415740,1932785,294350,28692900,6676967.5,1984.5,655,5206,2175.75,1460,540,60,182.5,125,0.03864530510386231,0.06999999999999999
Jul,Mariposa,9,10512,10994,1685162820,6836400,201960,1291611070,187240313.33333334,964,561,2110,1221.5555555555557,8040,3610,60,893.3333333333333,250,0.2614630898021309,0.38
Jul,Mendocino,8,41054,44908,2581324140,3161850,399000,2554159930,322665517.5,1849.5,989,31877,5613.5,2250,1330,60,281.25,130,0.27346908949188875,0.11
Jul,Merced,10,88113,18119,34779490,1644075,329040,13611510,3477949,1141,894,4767,1811.9,1380,330,60,138,125,0.05140841873503342,0.06999999999999999
Jul,Mono,1,14215,2893,13731900,13731900,13731900,13731900,13731900,2893,2893,2893,2893,350,350,350,350,350,0.05087935279634189,0.02
Jul,Monterey,14,142847,34489,70133280,2176410,287940,26818350,5009520,1529,744,10476,2463.5,2090,510,60,149.28571428571428,110,0.06036003556252494,0.1
Jul,Napa,6,54759,13126,52640910,2346825,235500,33566400,8773485,1986,675,4238,2187.6666666666665,1280,480,60,213.33333333333331,100,0.05992622217352399,0.06
Jul,Nevada,10,54813,21284,49942370,2408480,382560,16561350,4994237,1300,1063,5668,2128.4,1450,400,60,145,105,0.09707551128381953,0.06999999999999999
Jul,Orange,2,1112447,35722,57672810,28836405,6244440,51428370,28836405,17861,13317,22405,17861,270,210,60,135,135,0.00802779817825029,0.01
Jul,Placer,11,172645,43308,86689260,4188940,605520,38956840,7880841.818181817,2212,912,11424,3937.090909090909,1530,230,60,139.0909090909091,140,0.06271250253410177,0.06999999999999999
Jul,Plumas,7,16137,13448,106773930,4637440,1212160,57751200,15253418.571428573,1799,599,4022,1921.142857142857,1670,450,80,238.57142857142858,200,0.20834107950672368,0.08
Jul,Riverside,3,867637,37856,355833500,87392000,15470000,252971500,118611166.66666666,11896,8116,17844,12618.666666666666,960,500,140,320,320,0.010907787473332741,0.05
Jul,Sacramento,3,585981,35507,13678740,3800580,3773880,6104280,4559580,13491,4952,17064,11835.666666666666,210,90,60,70,60,0.015148528706562157,0.01
Jul,San Benito,4,20246,4227,10574760,751440,224520,8847360,2643690,978,651,1620,1056.75,560,320,60,140,90,0.05219549540650005,0.03
Jul,San Bernardino,15,735705,129608,447346680,9269100,1481040,149257920,29823112,7394,4167,21267,8640.533333333333,2630,490,60,175.33333333333334,150,0.044042109269340296,0.13
Jul,San Diego,1,1233344,7012,8221620,8221620,8221620,8221620,8221620,7012,7012,7012,7012,110,110,110,110,110,0.001421339058689222,0.01
Jul,San Francisco,7,408176,37839,24500280,2335320,887160,13007680,3500040,4625,2602,8765,5405.571428571428,550,160,60,78.57142857142857,60,0.023175664419270117,0.03
Jul,San Joaquin,7,252576,15553,18115260,1403280,479040,5400460,2587894.285714286,1865,1341,3621,2221.8571428571427,700,150,60,100,90,0.015394376346129482,0.03
Jul,San Luis Obispo,5,123678,7312,243302610,692000,250200,239581560,48660522,994,692,2834,1462.4,1730,1410,60,346,90,0.014780316628664759,0.08
Jul,San Mateo,9,281148,32546,18355410,1329840,946240,4679950,2039490,3571,1479,6316,3616.222222222222,710,110,60,78.88888888888889,80,0.028940273450282415,0.03
Jul,Santa Barbara,12,160661,18132,65016960,938555,445620,38897300,5418080,1247.5,863,3226,1511,1930,650,60,160.83333333333331,95,0.02821468806991118,0.09
Jul,Santa Clara,7,681145,33255,37615610,3832650,1333320,12301710,5373658.571428572,4417,3707,7444,4750.714285714285,750,170,60,107.14285714285714,90,0.01220555094730197,0.04
Jul,Santa Cruz,11,106148,22476,33689000,1519210,313250,7447320,3062636.3636363638,1264,750,6345,2043.2727272727273,1500,250,70,136.36363636363637,110,0.0529355239853789,0.06999999999999999
Jul,Shasta,7,78241,15312,79936508980,2291580,712000,79907196240,11419501282.857141,1565,698,5059,2187.4285714285716,20550,19430,70,2935.7142857142853,180,0.04892575503891822,0.98
Jul,Sierra,6,2401,4581,104554720,6155145,2624290,52738530,17425786.666666664,756.5,561,995,763.5,2590,870,170,431.6666666666667,305,0.4769887546855477,0.12
Jul,Siskiyou,5,24388,3843,16326280,1381600,331920,10458240,3265256,785,540,1022,768.6,860,320,60,172,160,0.03939437428243398,0.04
Jul,Solano,2,161786,6626,3956930,1978465,1556000,2400930,1978465,3313,2437,4189,3313,170,90,80,85,85,0.010238834015304166,0.01
Jul,Sonoma,4,206362,27534,64048300,6450415,1530650,49616820,16012075,3640.5,1328,18925,6883.5,600,220,110,150,135,0.033356431901222124,0.03
Jul,Stanislaus,2,186003,4399,4230920,2115460,1660000,2570920,2115460,2199.5,2170,2229,2199.5,210,110,100,105,105,0.005912539045069166,0.01
Jul,Sutter,1,34675,824,296520,296520,296520,296520,296520,824,824,824,824,60,60,60,60,60,0.0059408795962509016,0
Jul,Tehama,10,27858,20821,120898000,2207260,192960,90723980,12089800,1087,536,9157,2082.1,1850,430,60,185,140,0.18684937899346687,0.09
Jul,Tulare,4,151433,7040,14590580,837755,402430,12512640,3647645,2015.5,822,2187,1760,440,240,60,110,70,0.011622301611933991,0.02
Jul,Tuolumne,8,32009,21346,79616030,3182950,362240,39454500,9952003.75,1612.5,566,12104,2668.25,1580,580,80,197.5,155,0.1667187353556812,0.08
Jul,Ventura,8,290889,25432,64101530,1694305,724440,36689060,8012691.25,2697.5,1941,4748,3179,1070,340,60,133.75,65,0.021857134508351982,0.05
Jul,Yolo,8,79713,11998,67984760,3106860,242760,42525000,8498095,1670.5,515,2820,1499.75,2030,900,60,253.75,145,0.03762874311592839,0.1
Jul,Yuba,2,29477,2130,6761000,3380500,1400000,5361000,3380500,1065,730,1400,1065,400,300,100,200,200,0.01806493198086644,0.02
Jun,Alameda,10,619166,61491,105450270,3498725,1536540,62457660,10545027,5306.5,3874,10084,6149.1,1160,340,60,116,75,0.024828155938795088,0.06
Jun,Amador,6,19079,9610,29173730,2940610,360320,17929240,4862288.333333334,1198,563,2971,1601.6666666666667,900,280,70,150,120,0.12592379055506053,0.04
Jun,Butte,24,88341,64215,2440061120,1901185,264300,2319873840,101669213.33333331,1403,567,25207,2675.625,4780,1240,60,199.16666666666666,110,0.1817247936971508,0.22999999999999998
Jun,Calaveras,5,29159,10480,57990040,4994080,790020,35997150,11598008,2548,778,3494,2096,1150,410,70,230,180,0.08985218971844028,0.05
Jun,Contra Costa,3,421474,19362,182884360,89744500,950880,92188980,60961453.333333336,4815,3248,11299,6454,950,500,60,316.6666666666667,390,0.011484694192287068,0.05
Jun,Del Norte,2,11590,11107,3905420,1952710,931700,2973720,1952710,5553.5,770,10337,5553.5,170,110,60,85,85,0.23958153580672994,0.01
Jun,El Dorado,16,93927,20452,27526530,1010070,244200,6611250,1720408.125,926.5,569,4489,1278.25,1810,250,60,113.125,95,0.05443589170313116,0.09
Jun,Fresno,12,338718,59685,96666200,3574965,920520,42914120,8055516.666666666,3492.5,2083,22320,4973.75,1380,280,60,115,105,0.04405213186190282,0.06999999999999999
Jun,Glenn,4,11185,2264,67461060,9028140,271950,49132830,16865265,569,555,571,566,1780,930,70,445,390,0.050603486812695574,0.08
Jun,Humboldt,7,63591,12741,39727450,2082400,411360,29377370,5675350,1473,737,4322,1820.142857142857,1180,530,60,168.57142857142858,100,0.05008963532575365,0.06
Jun,Imperial,1,58658,582,36298920,36298920,36298920,36298920,36298920,582,582,582,582,790,790,790,790,790,0.0024804800709195677,0.04
Jun,Kern,14,303102,42836,211472670,1330260,551520,120911490,15105190.714285713,2821,1532,5466,3059.714285714286,2060,630,60,147.14285714285717,65,0.035331340604812904,0.1
Jun,Kings,2,47140,1501,2294820,1147410,945700,1349120,1147410,750.5,527,974,750.5,260,160,100,130,130,0.00796033092914722,0.01
Jun,Lake,5,35492,7148,1002638040,927360,279300,998895010,200527608,1373,570,2576,1429.6,4360,4010,60,872,90,0.05034937450693114,0.21
Jun,Los Angeles,2,3571222,107741,69176680,34588340,34359400,34817280,34588340,53870.5,52157,55584,53870.5,180,100,80,90,90,0.007542306246993326,0.01
Jun,Madera,6,51491,11770,28603160,2149870,533760,15952960,4767193.333333334,1910,641,3287,1961.6666666666667,950,320,70,158.33333333333334,130,0.05714590899380474,0.05
Jun,Marin,11,112601,18401,115417560,3017900,598320,52055100,10492505.454545457,990,739,3019,1672.8181818181818,2880,900,60,261.8181818181818,160,0.04085443290912159,0.13999999999999999
Jun,Mariposa,1,10512,3289,4426920,4426920,4426920,4426920,4426920,3289,3289,3289,3289,120,120,120,120,120,0.0782201293759513,0.01
Jun,Mendocino,5,41054,4158,23953690,3395490,273280,12924000,4790738,842,558,995,831.6,1030,400,70,206,190,0.025320309835825984,0.05
Jun,Merced,6,88113,4443,3975490,570460,278280,1135860,662581.6666666666,711.5,523,1016,740.5,560,130,60,93.33333333333333,90,0.012605971877021551,0.03
Jun,Mono,7,14215,7119,359316430,4609550,361920,338023750,51330918.571428575,729,556,2170,1017,2420,1250,60,345.7142857142857,240,0.12520225114315864,0.12
Jun,Monterey,12,142847,29376,32850420,1494630,477600,16093320,2737535,1496.5,723,9499,2448,1450,410,60,120.83333333333333,80,0.05141165022716613,0.06999999999999999
Jun,Napa,10,54759,23946,138670910,3634530,265090,76096500,13867091,1883.5,541,6225,2394.6,2270,750,70,227,150,0.1093244946036268,0.11
Jun,Nevada,7,54813,6117,45070720,1066390,878850,34582350,6438674.285714286,963,604,1144,873.8571428571429,1400,550,90,200,130,0.027899403426194517,0.06999999999999999
Jun,Orange,1,1112447,12196,3809120,3809120,3809120,3809120,3809120,12196,12196,12196,12196,70,70,70,70,70,0.002740804730472553,0
Jun,Placer,7,172645,21737,34557410,4366790,862000,10325490,4936772.857142857,3336,919,5824,3105.285714285714,1090,310,80,155.71428571428572,120,0.03147644009383417,0.05
Jun,Riverside,2,867637,12462,52624800,26312400,16839360,35785440,26312400,6231,5492,6970,6231,420,240,180,210,210,0.0035907873915012843,0.02
Jun,Sacramento,4,585981,52753,42546700,7148190,1722280,26528040,10636675,15260.5,3522,18710,13188.25,340,120,60,85,80,0.022506275800751218,0.02
Jun,San Benito,1,20246,5832,3342900,3342900,3342900,3342900,3342900,5832,5832,5832,5832,110,110,110,110,110,0.07201422503210511,0.01
Jun,San Bernardino,4,735705,34352,120454860,23225820,1861720,72141500,30113715,8938.5,3870,12605,8588,680,280,70,170,165,0.011673157039846133,0.03
Jun,San Francisco,8,408176,57697,46567690,4682725,775020,19837620,5820961.25,7081,2159,18032,7212.125,770,180,60,96.25,95,0.03533830994472972,0.04
Jun,San Joaquin,10,252576,23892,35968250,1409320,557400,21665070,3596825,1931.5,1554,3973,2389.2,1020,270,60,102,80,0.023648327632079056,0.05
Jun,San Luis Obispo,3,123678,3102,4058290,651000,517200,2890090,1352763.3333333333,872,651,1579,1034,350,190,60,116.66666666666667,100,0.006270314849852035,0.02
Jun,San Mateo,7,281148,30578,39656180,2885600,1181430,14849700,5665168.571428572,3881,1460,9421,4368.285714285715,830,250,60,118.57142857142857,100,0.027190305461891957,0.04
Jun,Santa Barbara,7,160661,11227,20481820,1440960,545760,12793860,2925974.285714286,1075,851,4147,1603.857142857143,940,370,60,134.28571428571428,100,0.01747001450258619,0.04
Jun,Santa Clara,10,681145,62754,94525170,5433545,1467480,34850500,9452517,5858,4115,8994,6275.4,1160,250,60,116,95,0.023032540795278538,0.06
Jun,Santa Cruz,7,106148,11124,17136090,1391160,359040,8735620,2448012.8571428573,1128,767,2785,1589.142857142857,890,340,60,127.14285714285714,120,0.02619926894524626,0.04
Jun,Shasta,9,78241,19078,440214240,1605990,288660,401430160,48912693.333333336,1338,544,7739,2119.777777777778,2980,1570,60,331.1111111111111,130,0.060959087946217454,0.13999999999999999
Jun,Siskiyou,2,24388,2055,2987760,1493880,598920,2388840,1493880,1027.5,828,1227,1027.5,240,170,70,120,120,0.021065688043299984,0.01
Jun,Solano,16,161786,80827,371311920,2785820,1012270,241574850,23206995,2644.5,889,33125,5051.6875,2740,500,70,171.25,130,0.12489801342514185,0.13
Jun,Sonoma,9,206362,22042,16437360,1541300,706320,4228200,1826373.3333333335,1993,1047,4063,2449.1111111111113,830,180,60,92.22222222222223,80,0.026703075178569697,0.04
Jun,Stanislaus,2,186003,4571,12893880,6446940,605640,12288240,6446940,2285.5,1683,2888,2285.5,300,240,60,150,150,0.006143718112073461,0.01
Jun,Sutter,2,34675,4677,3141640,1570820,903040,2238600,1570820,2338.5,1411,3266,2338.5,180,100,80,90,90,0.03372025955299207,0.01
Jun,Tehama,8,27858,18002,825726990,1599930,505800,816136640,103215873.75,795.5,549,12145,2250.25,2420,1520,60,302.5,140,0.16155143944288894,0.12
Jun,Tulare,10,151433,14803,61574370,3349065,328740,25543700,6157437,1638.5,901,2165,1480.3,1720,350,60,172,165,0.02443820039225268,0.08
Jun,Tuolumne,6,32009,7122,61374640,6532715,273910,25730250,10229106.666666666,881.5,559,2403,1187,1470,390,70,245,280,0.05562498047424162,0.06999999999999999
Jun,Ventura,10,290889,42762,151275270,3621410,1034110,96741300,15127527,2366.5,1761,13182,4276.2,1890,670,70,189,105,0.03675113187504512,0.09
Jun,Yolo,15,79713,28970,325234300,3481940,374940,148616000,21682286.666666664,1693,574,4098,1931.3333333333333,4690,1080,60,312.66666666666663,170,0.09085720020573809,0.22
Jun,Yuba,6,29477,7334,135870180,685035,192960,130540410,22645030,1283.5,536,1885,1222.3333333333333,1330,910,60,221.66666666666669,80,0.062201038097499745,0.06
Mar,Alameda,3,619166,16445,16384500,7081620,1975200,7327680,5461500,5956,4264,6225,5481.666666666667,310,130,60,103.33333333333333,120,0.006639980231472658,0.01
Mar,Alpine,4,1822,4979,316962070,56936445,575100,202514080,79240517.5,1244.5,722,1768,1244.75,2610,1130,90,652.5,695,0.6831778265642151,0.12
Mar,Amador,13,19079,29714,1409158320,1602630,234000,616795920,108396793.84615384,2269,545,4680,2285.6923076923076,5180,1510,60,398.46153846153845,110,0.38935478798679174,0.25
Mar,Butte,9,88341,15042,18571560,1099890,522240,8904060,2063506.6666666665,1995,816,2494,1671.3333333333333,1030,330,60,114.44444444444444,90,0.04256800353176894,0.05
Mar,Calaveras,13,29159,31212,6960596600,1484160,567450,3938903200,535430507.6923078,2006,544,6865,2400.923076923077,12050,5360,90,926.9230769230768,120,0.26760176960801124,0.5700000000000001
Mar,Colusa,1,8220,837,1012770,1012770,1012770,1012770,1012770,837,837,837,837,110,110,110,110,110,0.025456204379562045,0.01
Mar,Contra Costa,4,421474,23245,38740820,6422680,1369200,24526260,9685205,3482.5,2743,13537,5811.25,590,330,60,147.5,100,0.013787920488571062,0.03
Mar,El Dorado,20,93927,75603,16510912000,10215845,377760,5096071470,825545600,2026,595,16390,3780.1499999999996,18390,3730,60,919.5,175,0.20122808138235013,0.8699999999999999
Mar,Fresno,5,338718,9788,54732170,952560,685260,51350760,10946434,1948,1761,2144,1957.6,800,540,60,160,70,0.0072242986791372175,0.04
Mar,Glenn,2,11185,1840,6457040,3228520,3128620,3328420,3228520,920,918,922,920,410,220,190,205,205,0.04112650871703174,0.02
Mar,Humboldt,9,63591,24158,69618440,5349740,910350,21527680,7735382.222222222,2719,542,4429,2684.222222222222,1800,640,70,200,140,0.09497413155949741,0.09
Mar,Inyo,1,9478,735,2227680,2227680,2227680,2227680,2227680,735,735,735,735,180,180,180,180,180,0.019387001477104874,0.01
Mar,Kern,4,303102,10996,195017380,30487690,2426000,131616000,48754345,2468,2404,3656,2749,1390,600,100,347.5,345,0.00906955414348965,0.06999999999999999
Mar,Kings,12,47140,14028,16227750,829755,305900,3740880,1352312.5,758,507,3023,1169,1290,230,70,107.5,90,0.0743954179041154,0.06
Mar,Lake,7,35492,6801,10106720,1458600,755120,2538480,1443817.142857143,879,592,1824,971.5714285714286,920,210,70,131.42857142857142,130,0.04790516172658627,0.04
Mar,Lassen,3,12710,3375,11354310,602240,468720,10283350,3784770,979,941,1455,1125,490,350,60,163.33333333333334,80,0.06638473642800945,0.02
Mar,Los Angeles,1,3571222,21287,7572420,7572420,7572420,7572420,7572420,21287,21287,21287,21287,60,60,60,60,60,0.0014901761917909331,0
Mar,Madera,7,51491,11118,88517500,1192620,276480,76465500,12645357.142857144,1327,760,3967,1588.2857142857142,1440,750,60,205.7142857142857,130,0.05398030723815812,0.06999999999999999
Mar,Marin,6,112601,11815,306359680,1467610,605640,299195000,51059946.66666667,2087,675,3101,1969.1666666666667,1820,1300,60,303.33333333333337,110,0.026232005044360174,0.09
Mar,Mariposa,1,10512,2503,2138730,2138730,2138730,2138730,2138730,2503,2503,2503,2503,110,110,110,110,110,0.05952720700152207,0.01
Mar,Mendocino,8,41054,9383,23048100,1629055,306040,9343000,2881012.5,1148.5,613,1752,1172.875,1120,250,60,140,135,0.05713815949724753,0.05
Mar,Merced,8,88113,11902,111729450,941500,214200,103915560,13966181.25,701.5,507,3897,1487.75,1560,840,60,195,100,0.03376913735771112,0.06999999999999999
Mar,Mono,1,14215,652,67736160,67736160,67736160,67736160,67736160,652,652,652,652,1020,1020,1020,1020,1020,0.011466760464298276,0.05
Mar,Monterey,10,142847,25375,127083400,2154105,337920,74170340,12708340,1970,791,5150,2537.5,1930,670,60,193,90,0.0444094030676178,0.09
Mar,Napa,6,54759,9381,15877050,1604695,350460,6972460,2646175,1364,755,2477,1563.5,730,220,60,121.66666666666667,115,0.04282857612447269,0.03
Mar,Nevada,12,54813,28289,3941588610,3545705,319860,1841784120,328465717.5,1718,524,6412,2357.416666666667,8950,3960,60,745.8333333333333,160,0.12902504880229143,0.43
Mar,Placer,14,172645,25183,1343719610,1952600,342240,935687300,95979972.14285713,1391,908,3792,1798.7857142857142,5640,1900,60,402.8571428571429,115,0.03646644849257146,0.27
Mar,Plumas,5,16137,6316,413334400,19146600,4061120,251069040,82666880,990,518,2444,1263.2,3810,1710,180,762,450,0.09784966226684018,0.18
Mar,Riverside,8,867637,81571,2966705410,351272890,3556240,916422930,370838176.25,10427,5938,11832,10196.375,4330,960,80,541.25,615,0.023503780959087728,0.21
Mar,Sacramento,2,585981,11679,5047680,2523840,2501520,2546160,2523840,5839.5,3994,7685,5839.5,140,80,60,70,70,0.004982670086572773,0.01
Mar,San Bernardino,4,735705,38666,38325090,7606995,2692800,20418300,9581272.5,8702.5,4630,16631,9666.5,420,210,60,105,75,0.013139097872109066,0.02
Mar,San Francisco,3,408176,12131,20155480,1642960,1059000,17453520,6718493.333333334,3303,2615,6213,4043.6666666666665,320,180,60,106.66666666666667,80,0.007430005683822665,0.02
Mar,San Joaquin,4,252576,6754,5490560,822290,767060,3078920,1372640,1680,1566,1828,1688.5,340,130,70,85,70,0.0066851165589763084,0.02
Mar,San Luis Obispo,7,123678,9675,56226860,650400,349140,38154480,8032408.571428572,970,660,2767,1382.142857142857,1390,560,60,198.57142857142858,90,0.019556833066511424,0.06999999999999999
Mar,San Mateo,8,281148,32542,124844880,4823760,588900,46869600,15605610,3821,1474,8413,4067.75,1470,450,60,183.75,105,0.028936716604777556,0.06999999999999999
Mar,Santa Barbara,9,160661,23223,184162450,1363440,309600,109729200,20462494.444444444,1099,852,10916,2580.333333333333,1980,610,60,220,90,0.03613664797306129,0.09
Mar,Santa Clara,2,681145,8162,6240480,3120240,1537320,4703160,3120240,4081,3890,4272,4081,170,110,60,85,85,0.0029956910789919913,0.01
Mar,Santa Cruz,10,106148,16345,71353590,1473440,312620,28599970,7135359,890,638,4852,1634.5,1990,550,70,199,130,0.038495779477710365,0.09
Mar,Shasta,8,78241,8961,175799900,8349910,687330,56597750,21974987.5,1093.5,574,1871,1120.125,3320,960,90,415,360,0.028632686187548727,0.16
Mar,Sierra,9,2401,7464,648676060,3647180,472230,410301200,72075117.77777778,653,543,1262,829.3333333333334,5880,1900,90,653.3333333333333,170,0.7771761765930862,0.27999999999999997
Mar,Siskiyou,1,24388,706,1016640,1016640,1016640,1016640,1016640,706,706,706,706,120,120,120,120,120,0.007237165819255371,0.01
Mar,Solano,9,161786,18001,25340050,1679000,828630,8438800,2815561.111111111,1748,1026,2920,2000.111111111111,1070,180,60,118.88888888888889,100,0.0278160656669922,0.05
Mar,Sonoma,7,206362,19904,156841740,8113940,648480,92194200,22405962.857142854,2324,1117,6516,2843.4285714285716,1710,630,70,244.28571428571428,200,0.024112966534536397,0.08
Mar,Stanislaus,1,186003,1476,1471500,1471500,1471500,1471500,1471500,1476,1476,1476,1476,100,100,100,100,100,0.0019838389703391883,0
Mar,Tehama,1,27858,698,251280,251280,251280,251280,251280,698,698,698,698,60,60,60,60,60,0.006263909828415536,0
Mar,Trinity,2,8951,1319,24818990,12409495,1226030,23592960,12409495,659.5,576,743,659.5,770,640,130,385,385,0.03683945927829293,0.04
Mar,Tulare,4,151433,6978,12198970,929935,544040,9795060,3049742.5,1092,801,3993,1744.5,500,220,70,125,105,0.011519946114783436,0.02
Mar,Tuolumne,13,32009,26417,432412830,2369620,723590,245378950,33262525.38461538,1477,743,5142,2032.076923076923,5090,1550,70,391.53846153846155,120,0.20632478365459714,0.24
Mar,Ventura,5,290889,13180,286688200,13212080,770400,161676000,57337640,2844,1655,4006,2636,1740,750,60,348,280,0.011327344794749887,0.08
Mar,Yolo,3,79713,4547,20778930,8723050,1913600,10142280,6926310,1914,713,1920,1515.6666666666667,720,350,100,240,270,0.014260534668121888,0.03
Mar,Yuba,6,29477,7617,310379080,4461760,352030,284276100,51729846.66666667,1070.5,724,2542,1269.5,2910,1900,70,485,185,0.06460121450622519,0.13999999999999999
May,Alameda,6,619166,29964,17769200,2164090,1189080,7977360,2961533.333333333,5240.5,3316,6483,4994,450,120,60,75,65,0.012098532542161552,0.02
May,Amador,3,19079,3834,3166080,1320000,343440,1502640,1055360,1372,954,1508,1278,290,120,60,96.66666666666667,110,0.05023848210073903,0.01
May,Butte,13,88341,23882,21777730,958050,275730,6669300,1675210,1464,563,6670,1837.076923076923,1260,160,60,96.92307692307692,90,0.06758470019583206,0.06
May,Calaveras,5,29159,6524,20982780,655900,299460,16410100,4196556,1339,612,2590,1304.8,690,350,70,138,80,0.05593470283617408,0.03
May,Colusa,2,8220,2822,1195640,597820,591000,604640,597820,1411,591,2231,1411,180,100,80,90,90,0.08582725060827251,0.01
May,Contra Costa,4,421474,28568,19403490,5029980,1208690,8134840,4850872.5,5969,2493,14137,7142,390,140,60,97.5,95,0.01694529199903197,0.02
May,Del Norte,3,11590,3849,3523780,1298970,492160,1732650,1174593.3333333333,771,769,2309,1283,320,150,80,106.66666666666667,90,0.08302415875754961,0.02
May,El Dorado,12,93927,27840,36266430,995100,266640,19100200,3022202.5,1631,652,7500,2320,1470,280,60,122.5,120,0.07410009901306333,0.06999999999999999
May,Fresno,11,338718,113470,1091185310,4563480,950760,900016920,99198664.54545456,2835,2023,69159,10315.454545454546,2220,660,60,201.8181818181818,120,0.08374960881913568,0.11
May,Glenn,2,11185,1603,944680,472340,362280,582400,472340,801.5,583,1020,801.5,160,100,60,80,80,0.03582923558337059,0.01
May,Humboldt,9,63591,9937,36104540,853320,234120,26590900,4011615.5555555555,808,512,3757,1104.111111111111,1610,700,60,178.88888888888889,130,0.03906606280763001,0.08
May,Imperial,1,58658,2513,90304029200,90304029200,90304029200,90304029200,90304029200,2513,2513,2513,2513,21680,21680,21680,21680,21680,0.01071038903474377,1.03
May,Kern,11,303102,33929,41703530,2002380,623520,12285780,3791230,2186,1568,7156,3084.4545454545455,1170,190,60,106.36363636363636,100,0.027984803795422,0.06
May,Kings,8,47140,12229,7804190,741730,190080,2922810,975523.75,1763.5,512,2417,1528.625,620,110,60,77.5,70,0.06485468816291896,0.03
May,Lake,6,35492,9340,9648140,566535,262150,6392880,1608023.3333333335,1328.5,535,3483,1556.6666666666667,600,180,60,100,80,0.06578947368421052,0.03
May,Lassen,2,12710,1724,19329150,9664575,1726350,17602800,9664575,862,598,1126,862,570,400,170,285,285,0.033910306845003936,0.03
May,Los Angeles,2,3571222,37109,13341360,6670680,6666540,6674820,6670680,18554.5,18542,18567,18554.5,120,60,60,60,60,0.0025977802556099846,0.01
May,Madera,5,51491,8622,17537820,1924050,1804900,9955050,3507564,1350,873,3002,1724.4,690,190,100,138,130,0.041861684566234875,0.03
May,Marin,9,112601,20306,24661280,2084800,487130,6066880,2740142.222222222,2578,757,4371,2256.222222222222,1060,180,70,117.77777777777777,110,0.04508396905888935,0.05
May,Mariposa,3,10512,1948,50446540,3735430,1194750,45516360,16815513.333333332,618,531,799,649.3333333333334,1240,860,150,413.3333333333333,230,0.04632800608828006,0.06
May,Mendocino,3,41054,4398,13269070,3597370,633840,9037860,4423023.333333333,1373,999,2026,1466,510,260,80,170,170,0.026781799581039607,0.02
May,Merced,9,88113,15957,33030980,808320,367800,15349400,3670108.888888889,1252,672,4067,1773,1190,240,60,132.22222222222223,100,0.045274250110653363,0.06
May,Mono,3,14215,13135,7057550,1757040,933800,4366710,2352516.6666666665,1025,599,11511,4378.333333333333,430,270,60,143.33333333333334,100,0.23100597959901512,0.02
May,Monterey,10,142847,26305,47833150,2220315,420770,15462800,4783315,1948,716,8662,2630.5,1590,400,60,159,135,0.04603701862832261,0.08
May,Napa,8,54759,9595,97218040,739730,236160,90860610,12152255,862,575,3441,1199.375,1720,1010,60,215,90,0.04380558447013276,0.08
May,Nevada,5,54813,9015,87933470,2632800,365680,79721640,17586694,1606,572,3290,1803,1130,710,80,226,100,0.04111707076788353,0.05
May,Orange,1,1112447,5577,4514940,4514940,4514940,4514940,4514940,5577,5577,5577,5577,90,90,90,90,90,0.0012533181356055615,0
May,Placer,8,172645,30098,165909300,2960480,520310,114824280,20738662.5,2674.5,1123,12333,3762.25,1540,690,60,192.5,100,0.04358365431955747,0.06999999999999999
May,Plumas,2,16137,1543,1249830,624915,475470,774360,624915,771.5,587,956,771.5,180,90,90,90,90,0.023904691082605192,0.01
May,Riverside,3,867637,32096,47426470,9808100,4098960,33519410,15808823.333333332,10956,8901,12239,10698.666666666666,350,170,80,116.66666666666667,100,0.009248107215344666,0.02
May,Sacramento,5,585981,63522,57112480,7500920,1701770,35856730,11422496,4911,3473,31222,12704.4,530,140,70,106,110,0.027100708043434854,0.03
May,San Benito,2,20246,2536,1449590,724795,523980,925610,724795,1268,647,1889,1268,160,90,70,80,80,0.03131482762027067,0.01
May,San Bernardino,3,735705,37835,115487820,53692980,5085000,56709840,38495940,12518,7060,18257,12611.666666666666,610,330,60,203.33333333333334,220,0.01285671566728512,0.03
May,San Diego,4,1233344,67393,37671520,9896960,3162240,14715360,9417880,13816,9544,30217,16848.25,340,120,60,85,80,0.013660625097296457,0.02
May,San Francisco,3,408176,14776,23205350,9606150,2304800,11294400,7735116.666666667,4711,2339,7726,4925.333333333333,410,160,100,136.66666666666666,150,0.00905001763944965,0.02
May,San Joaquin,7,252576,17811,11018190,1422240,755160,3455850,1574027.142857143,2284,1563,4047,2544.4285714285716,610,150,60,87.14285714285714,80,0.017629347206385405,0.03
May,San Luis Obispo,11,123678,18030,21623150,775040,345480,7858440,1965740.9090909092,1754,690,2997,1639.090909090909,1130,180,60,102.72727272727272,90,0.03644544704797943,0.05
May,Santa Barbara,9,160661,14984,56600640,1771000,292200,34417360,6288960,1284,815,3856,1664.888888888889,1380,380,60,153.33333333333334,100,0.02331617505181718,0.06999999999999999
May,Santa Clara,6,681145,47718,45926270,4963200,1434000,21171150,7654378.333333334,4623.5,4044,22859,7953,610,160,60,101.66666666666667,100,0.01751389204941679,0.03
May,Santa Cruz,8,106148,8860,39134290,927595,629460,23775660,4891786.25,983,638,2082,1107.5,1570,540,60,196.25,110,0.02086709123111128,0.06999999999999999
May,Shasta,16,78241,15558,68931980,1638575,195720,20437450,4308248.75,711.5,500,3400,972.375,3070,550,60,191.875,135,0.04971178793727074,0.15
May,Sierra,3,2401,2445,45516680,3473280,384320,41659080,15172226.666666668,603,603,1239,815,900,580,80,300,240,0.2545814244064973,0.04
May,Siskiyou,2,24388,2528,36977910,18488955,3995730,32982180,18488955,1264,551,1977,1264,690,420,270,345,345,0.025914384123339348,0.03
May,Solano,8,161786,21900,23315640,2551850,640680,4930380,2914455,2621,1118,5493,2737.5,940,210,60,117.5,120,0.03384099983929388,0.04
May,Sonoma,17,206362,40366,91060000,1274220,446400,40183920,5356470.5882352935,2199,1149,4394,2374.470588235294,2160,560,60,127.05882352941177,80,0.04890192961882517,0.1
May,Stanislaus,2,186003,8800,28458810,14229405,1501740,26957070,14229405,4400,1854,6946,4400,300,210,90,150,150,0.011827766218824427,0.01
May,Sutter,1,34675,1583,395400,395400,395400,395400,395400,1583,1583,1583,1583,60,60,60,60,60,0.011413121845710165,0
May,Tehama,7,27858,28621,69536790,3372120,1224000,50048000,9933827.142857144,699,544,19125,4088.714285714286,1390,350,80,198.57142857142858,190,0.25684722521358316,0.06999999999999999
May,Tulare,10,151433,16150,223277470,663390,301320,215539520,22327747,1500.5,781,2829,1615,1900,1120,60,190,80,0.026661956112604253,0.09
May,Tuolumne,5,32009,15303,992257360,1667400,606660,987060440,198451472,1536,1254,9273,3060.6,2780,2390,60,556,110,0.11952107219844418,0.13
May,Ventura,7,290889,16712,63936270,2176300,740530,47440800,9133752.857142856,2202,1513,3437,2387.4285714285716,1070,450,70,152.85714285714286,100,0.014362866935497733,0.05
May,Yolo,7,79713,14537,19635240,1006740,402480,13033020,2805034.285714286,2055,878,4768,2076.714285714286,780,310,60,111.42857142857142,80,0.045591685170549345,0.04
May,Yuba,3,29477,3524,3161170,537480,217260,2406430,1053723.3333333333,1425,606,1493,1174.6666666666667,250,130,60,83.33333333333333,60,0.02988770906130203,0.01
Nov,Alameda,11,619166,73740,85848020,4821780,1469700,34426920,7804365.454545455,5522,3182,13825,6703.636363636364,1190,220,60,108.18181818181819,110,0.029773921694666697,0.06
Nov,Amador,5,19079,9229,266742230,3022400,487970,213014340,53348446,1078,655,4548,1845.8,2150,1260,70,430,200,0.12093139053409507,0.1
Nov,Butte,11,88341,46153,919435665570,1752030,249830,919013296680,83585060506.36362,2163,510,25696,4195.727272727273,56120,51990,60,5101.818181818181,90,0.13061036211951416,2.67
Nov,Calaveras,8,29159,15574,1747348360,3181675,920810,1716580950,218418545,1558,761,4156,1946.75,4910,3570,90,613.75,190,0.1335265269728043,0.22999999999999998
Nov,Colusa,4,8220,6161,3609490,852450,270720,1633870,902372.5,664.5,510,4322,1540.25,380,170,60,95,75,0.18737834549878346,0.02
Nov,Contra Costa,12,421474,77081,99081560,2720895,781320,37692400,8256796.666666666,3971.5,2174,26067,6423.416666666666,1180,230,60,98.33333333333333,85,0.04572108837081291,0.06
Nov,Del Norte,5,11590,33875,146166010,29509270,1230640,68811600,29233202,9784,1409,10515,6775,1220,490,80,244,250,0.7306945642795514,0.06
Nov,El Dorado,22,93927,43161,757048350,2053935,199440,475663860,34411288.63636364,1526.5,519,6547,1961.8636363636365,5840,1110,60,265.45454545454544,115,0.11487910824363602,0.27999999999999997
Nov,Fresno,11,338718,47701,1700230540,6138020,678600,1332969600,154566412.72727272,3189,1889,11422,4336.454545454545,4810,2300,60,437.27272727272725,160,0.0352070158657054,0.22999999999999998
Nov,Glenn,6,11185,7972,47562790,6705935,863590,17913840,7927131.666666666,921,511,2860,1328.6666666666667,1670,560,110,278.3333333333333,195,0.17818506928922664,0.08
Nov,Humboldt,12,63591,39437,27217199220,13330810,270900,26859335520,2268099935,1762,555,22417,3286.416666666667,10290,5870,70,857.5,315,0.15504159393624883,0.49
Nov,Kern,23,303102,104049,885809200,4899960,612360,196298880,38513443.47826087,4573,1684,10188,4523.869565217391,5430,790,60,236.08695652173913,130,0.08582011995961755,0.26
Nov,Kings,8,47140,11809,15700270,988340,527200,7538740,1962533.75,1364.5,528,2460,1476.125,970,220,60,121.25,115,0.06262728044123886,0.05
Nov,Lake,5,35492,20042,2757612860,1493660,446820,2750978530,551522572,1242,768,14124,4008.4,2160,1730,60,432,120,0.1411726586272963,0.1
Nov,Lassen,1,12710,904,8597230,8597230,8597230,8597230,8597230,904,904,904,904,310,310,310,310,310,0.017781274586939417,0.01
Nov,Los Angeles,5,3571222,154286,10629096910,293799100,12333230,7052889950,2125819382,27894,18626,46778,30857.2,3390,1730,70,678,340,0.010800644709289986,0.16
Nov,Madera,14,51491,18193,26720330,995370,213840,11990100,1908595,1137,508,2935,1299.5,1650,300,60,117.85714285714286,90,0.08833097046085724,0.08
Nov,Marin,15,112601,35143,183783770,2545020,645960,71637410,12252251.333333332,2402,791,4417,2342.866666666667,3640,970,60,242.66666666666669,100,0.07802550599017771,0.16999999999999998
Nov,Mariposa,3,10512,4384,233491940,21874300,611000,211006640,77830646.66666667,1483,611,2290,1461.3333333333333,2140,1690,100,713.3333333333334,350,0.10426179604261795,0.1
Nov,Mendocino,14,41054,23284,580926510,2394105,588060,449672970,41494750.71428571,1221,543,5383,1663.1428571428573,4120,1410,70,294.2857142857143,140,0.14178886344814148,0.2
Nov,Merced,9,88113,19211,25379570,2437920,310440,7395190,2819952.222222222,1290,779,5470,2134.5555555555557,1140,230,60,126.66666666666667,110,0.05450671297084426,0.05
Nov,Mono,6,14215,12013,812003430,63707070,498560,563118710,135333905,2053.5,779,3135,2002.1666666666667,4110,1870,80,685,605,0.21127330284910306,0.2
Nov,Monterey,21,142847,49610,511468400,1085760,274080,421484310,24355638.095238097,1884,738,7431,2362.3809523809523,3480,1170,60,165.7142857142857,90,0.08682366448017809,0.16999999999999998
Nov,Napa,19,54759,43491,3541863690,1343400,364280,3478727340,186413878.42105266,858,548,11877,2289,4460,1980,60,234.73684210526318,110,0.19855640168739386,0.21
Nov,Nevada,11,54813,15389,966960100,2901560,325760,941148130,87905463.63636364,1216,509,2841,1399,4030,2630,60,366.3636363636363,150,0.07018864138069436,0.19
Nov,Placer,9,172645,14753,77690780,1018880,313080,48935700,8632308.888888888,1592,870,2548,1639.2222222222222,1460,550,60,162.22222222222223,80,0.02136320194619016,0.06999999999999999
Nov,Plumas,5,16137,21006,1015476000,137984000,918700,657965700,203095200,1350,704,11428,4201.2,3470,1400,100,694,830,0.32543223647518127,0.16999999999999998
Nov,Riverside,8,867637,90550,598390170,18431940,1786740,453198420,74798771.25,11466,5473,23506,11318.75,1760,820,60,220,130,0.02609098044458685,0.08
Nov,Sacramento,8,585981,125658,175819870,7843355,4030740,117578970,21977483.75,13883,4023,33279,15707.25,950,310,80,118.75,90,0.05361009998617702,0.05
Nov,San Benito,1,20246,650,1490240,1490240,1490240,1490240,1490240,650,650,650,650,160,160,160,160,160,0.00802627679541638,0.01
Nov,San Bernardino,12,735705,133144,5678253910,47312635,1514100,3356869100,473187825.8333333,5914,3683,35858,11095.333333333332,6360,1590,60,530,315,0.04524367783282702,0.3
Nov,San Diego,3,1233344,65634,17527319910,8015940,7612380,17511691590,5842439970,24642,10304,30688,21878,3620,3470,60,1206.6666666666665,90,0.01330407412692647,0.16999999999999998
Nov,San Francisco,6,408176,41160,34863360,3475410,779880,16351160,5810560,5985.5,2189,13220,6860,600,140,60,100,100,0.025209713456940144,0.03
Nov,San Joaquin,9,252576,21219,12970290,1681380,625240,1950000,1441143.3333333333,1950,1276,3747,2357.6666666666665,750,100,60,83.33333333333333,80,0.021002589319650322,0.04
Nov,San Luis Obispo,15,123678,44082,65933360,3356320,425840,19060790,4395557.333333333,2049,636,13829,2938.8,2050,230,60,136.66666666666666,130,0.08910638917188182,0.1
Nov,San Mateo,9,281148,26001,72272990,1226100,526320,54597960,8030332.222222222,2112,1449,6216,2889,1090,360,60,121.11111111111111,90,0.023120384992957446,0.05
Nov,Santa Barbara,32,160661,71170,509317830,6165080,620080,82564300,15916182.1875,1578,825,6626,2224.0625,8670,760,80,270.9375,220,0.1107456072102128,0.41000000000000003
Nov,Santa Clara,6,681145,28377,27055110,2516670,1443540,13904850,4509185,4475.5,4014,6475,4729.5,530,150,60,88.33333333333333,75,0.010415183257603006,0.03
Nov,Santa Cruz,17,106148,38489,1131219260,2323040,268520,571892240,66542309.41176471,1654,548,8056,2264.0588235294117,5570,1710,60,327.64705882352945,150,0.09064937634246524,0.26
Nov,Shasta,6,78241,20853,6374741070,24532275,546490,3252005650,1062456845,1466,718,10819,3475.5,7200,4190,70,1200,475,0.06663066678595621,0.33999999999999997
Nov,Sierra,3,2401,3212,144523700,49888810,2095600,92539290,48174566.666666664,1240,731,1241,1070.6666666666667,1830,870,130,610,830,0.3344439816743024,0.09
Nov,Siskiyou,8,24388,12760,60444310,5129200,610800,24932160,7555538.75,1439,611,3316,1595,1680,480,90,210,165,0.13080203378710842,0.08
Nov,Solano,23,161786,60229,74771210,1365120,452880,13692000,3250922.173913044,1786,825,15561,2618.6521739130435,2610,280,60,113.47826086956522,80,0.09306893056259503,0.12
Nov,Sonoma,13,206362,47180,2218095320,2255680,531000,1534707080,170622716.92307696,3460,1146,8488,3629.230769230769,3950,1640,60,303.84615384615387,90,0.05715684089124936,0.19
Nov,Stanislaus,2,186003,4424,4976220,2488110,1823520,3152700,2488110,2212,1271,3153,2212,220,120,100,110,110,0.005946140653645371,0.01
Nov,Sutter,5,34675,14685,13878090,3148930,203760,4667690,2775618,1680,566,7546,2937,620,230,60,124,90,0.1058759913482336,0.03
Nov,Tehama,10,27858,23863,1959785730,2366375,302960,1917850620,195978573,962.5,628,9771,2386.3,3570,1740,70,357,165,0.21414853901931222,0.16999999999999998
Nov,Trinity,1,8951,747,903870,903870,903870,903870,903870,747,747,747,747,110,110,110,110,110,0.020863590660261423,0.01
Nov,Tulare,21,151433,49450,354798510,2633670,527310,219395200,16895167.142857146,1459,759,11085,2354.7619047619046,4850,1480,70,230.95238095238096,130,0.0816367634531443,0.22999999999999998
Nov,Tuolumne,9,32009,22612,5510856391180,6501120,296640,5510120689500,612317376797.7778,1945,766,6139,2512.4444444444443,182110,178270,60,20234.44444444445,210,0.17660657939954388,8.66
Nov,Ventura,18,290889,56051,1529937880,2728285,562860,1190725500,84996548.88888891,2249.5,1572,6604,3113.9444444444443,4990,1740,60,277.22222222222223,95,0.04817215501445569,0.24
Nov,Yolo,8,79713,14274,121406410,4929360,316080,84410950,15175801.25,1168,878,5174,1784.25,2250,850,60,281.25,230,0.0447668510782432,0.11
Nov,Yuba,6,29477,7052,132610440,2297580,527760,122034000,22101740,909.5,612,2370,1175.3333333333333,1840,1200,80,306.66666666666663,135,0.05980934287749771,0.09
Oct,Alameda,4,619166,134392,79813791490,8220185840,556682760,62816737050,19953447872.5,27102.5,5427,74760,33598,8940,3870,1080,2235,1995,0.05426331549212974,0.43
Oct,Alpine,7,1822,9685,7946913430,152601930,435120,4974655140,1135273347.142857,1335,927,1808,1383.5714285714287,13040,5460,70,1862.857142857143,1270,1.3288968166849615,0.62
Oct,Amador,6,19079,42583,11106392640,1116104195,4327830,4451513920,1851065440,6079.5,1395,16651,7097.166666666666,7720,2750,130,1286.6666666666667,935,0.5579825986686934,0.37
Oct,Butte,19,88341,165462,158824987370,13054320,525060,74281238180,8359209861.578946,3203,887,28445,8708.526315789473,34200,16270,60,1800,160,0.46824803884945837,1.63
Oct,Calaveras,7,29159,61023,44126350220,1345725800,330880,27313317900,6303764317.142858,2787,517,24402,8717.57142857143,12890,4950,80,1841.4285714285713,1760,0.5231918104187386,0.61
Oct,Colusa,5,8220,12533,698523600,157156240,811080,339077000,139704720,2031,663,5612,2506.6,4020,1820,60,804,920,0.38117396593673963,0.19
Oct,Contra Costa,11,421474,162143,92036630410,2984170,1184760,74086191480,8366966400.909092,5277,2524,74464,14740.272727272728,11200,4920,60,1018.1818181818182,100,0.09617615795992161,0.53
Oct,Del Norte,2,11590,10688,107464740,53732370,1487640,105977100,53732370,5344,759,9929,5344,830,690,140,415,415,0.23054357204486625,0.04
Oct,El Dorado,22,93927,316202,320780650070,9227010,705840,173523398580,14580938639.545454,3268.5,868,57248,14372.818181818182,29750,7140,80,1352.2727272727275,200,0.8416163616425522,1.4200000000000002
Oct,Fresno,11,338718,42923,2445561490,2473740,775440,1359562320,222323771.81818184,3731,1960,6391,3902.090909090909,4520,1620,60,410.9090909090909,90,0.031680483470025216,0.21
Oct,Glenn,10,11185,12498,102045870,2693865,268520,54227040,10204587,1339.5,507,2169,1249.8,2270,600,70,227,135,0.2793473401877515,0.11
Oct,Humboldt,16,63591,78674,598727780,2186010,196560,238796140,37420486.25,837,522,55497,4917.125,4490,1460,60,280.625,145,0.30929691308518503,0.21
Oct,Imperial,1,58658,870,556800,556800,556800,556800,556800,870,870,870,870,80,80,80,80,80,0.0037079341266323435,0
Oct,Inyo,3,9478,6751,64007770,30923370,1012720,32071680,21335923.333333332,1583,783,4385,2250.3333333333335,990,640,80,330,270,0.17807026798902723,0.05
Oct,Kern,16,303102,83822,2485557480,5053810,891660,1296853530,155347342.5,5043.5,1571,15450,5238.875,5350,1670,60,334.375,95,0.06913679223495721,0.25
Oct,Kings,2,47140,4817,20998880,10499440,359880,20639000,10499440,2408.5,1001,3816,2408.5,310,250,60,155,155,0.025546245226983455,0.01
Oct,Lake,8,35492,50171,23002725200,6135925,503000,18835669940,2875340650,1316.5,503,22728,6271.375,7130,3140,60,891.25,170,0.35339654006536686,0.33999999999999997
Oct,Lassen,2,12710,1353,13449880,6724940,2152960,11296920,6724940,676.5,512,841,676.5,630,470,160,315,315,0.02661290322580645,0.03
Oct,Los Angeles,4,3571222,137480,3576028380,110580420,10105620,3344761920,894007095,30141.5,23586,53611,34370,1440,960,70,360,205,0.009624156661221284,0.06999999999999999
Oct,Madera,6,51491,39919,14756048840,4281940,246600,11205776220,2459341473.333333,3272,685,19850,6653.166666666666,5900,3180,60,983.3333333333333,160,0.19381542405468916,0.27999999999999997
Oct,Marin,14,112601,87446,13756693960,4481155,607670,7746483160,982620997.1428571,2325,980,24915,6246.142857142858,7480,3230,70,534.2857142857143,160,0.19415014076251544,0.36
Oct,Mariposa,5,10512,17290,6571165490,323222460,4398300,5020987860,1314233098,1844,646,10268,3458,10290,4830,270,2058,2110,0.4111967275494673,0.49
Oct,Mendocino,12,41054,32316,6350607140,6058360,825120,5995960320,529217261.6666666,1320.5,522,7786,2693,7640,3360,80,636.6666666666667,150,0.1967895941930141,0.36
Oct,Merced,3,88113,5609,11204150,1172710,971280,9060160,3734716.666666667,1713,1198,2698,1869.6666666666667,400,230,60,133.33333333333334,110,0.015914223780826894,0.02
Oct,Mono,6,14215,4862,185129260,5402390,216360,154393240,30854876.666666664,713.5,601,1404,810.3333333333334,2230,1060,60,371.66666666666663,235,0.08550826591628562,0.11
Oct,Monterey,9,142847,41891,6999287190,3615300,899030,6900437700,777698576.6666666,3749,743,12510,4654.555555555556,3910,2550,70,434.44444444444446,100,0.07331445532632817,0.19
Oct,Napa,18,54759,176619,443494194140,46773420,244440,196693064240,24638566341.11111,4681,544,46806,9812.166666666668,72820,26470,60,4045.555555555556,225,0.8063469018791432,3.46
Oct,Nevada,14,54813,210534,241601712850,16954430,286620,122346354800,17257265203.57143,1913,506,43901,15038.142857142857,20230,6800,60,1445,200,0.9602375348913579,0.96
Oct,Orange,6,1112447,107378,2174793220,211823790,4483760,1364312640,362465536.6666666,18335,7409,31946,17896.333333333332,2610,960,80,435,425,0.024131037253909624,0.12
Oct,Placer,18,172645,222836,154938750560,13567230,1210320,99269220540,8607708364.444445,3906.5,997,48847,12379.777777777777,19320,6740,60,1073.3333333333335,155,0.3226794868081902,0.9199999999999999
Oct,Plumas,4,16137,15418,6613113150,1377890840,1204970,3856126500,1653278287.5,1461.5,713,11782,3854.5,10300,4050,130,2575,3060,0.23886100266468366,0.49
Oct,Riverside,12,867637,129693,1793557060,14890155,1575720,468800890,149463088.3333333,10324,4377,24412,10807.75,3610,730,60,300.83333333333337,155,0.0373696027255638,0.16999999999999998
Oct,Sacramento,6,585981,88221,390859880,12910875,2076480,333575450,65143313.33333333,9149.5,4281,37043,14703.5,1210,610,60,201.66666666666669,125,0.03763816574257527,0.06
Oct,San Benito,3,20246,4459,604682540,1011360,892740,602778440,201560846.6666667,1230,516,2713,1486.3333333333333,2620,2420,60,873.3333333333333,140,0.05506025881655636,0.12
Oct,San Bernardino,13,735705,215124,14516214360,12839040,1388520,6664738080,1116631873.8461542,7598,3862,63264,16548,5790,1690,60,445.3846153846155,180,0.07310131098742023,0.27999999999999997
Oct,San Diego,5,1233344,107524,30072143540,9725223200,5623740,10161158000,6014428708,24293,7014,27570,21504.8,7990,2800,90,1598,2200,0.02179521690623216,0.38
Oct,San Francisco,4,408176,16655,10815810,2531105,1440530,4313070,2703952.5,3986,2230,6453,4163.75,360,110,70,90,90,0.010200869232879934,0.02
Oct,San Joaquin,6,252576,19191,1403462320,1928430,771120,1393176060,233910386.66666666,2044.5,1515,8137,3198.5,2880,2370,60,480,110,0.018995272709996198,0.13999999999999999
Oct,San Luis Obispo,16,123678,33642,132838920,1860470,302220,95976760,8302432.5,2018.5,891,5233,2102.625,2240,440,60,140,110,0.06800320186290205,0.11
Oct,San Mateo,12,281148,106509,83778501260,3050040,961080,76830945280,6981541771.666666,3795.5,2157,54625,8875.75,13030,5120,60,1085.8333333333335,95,0.09470901446924751,0.62
Oct,Santa Barbara,18,160661,47481,180934490,2398285,298980,49134570,10051916.111111112,1357.5,826,13902,2637.833333333333,3410,570,60,189.44444444444446,145,0.07388382992761156,0.16
Oct,Santa Clara,8,681145,107509,38625317300,6953660,1373700,33223366440,4828164662.5,5995.5,3715,37863,13438.625,6490,3960,60,811.25,115,0.03945892577938618,0.31
Oct,Santa Cruz,15,106148,127887,85613501830,1602250,562000,55840565400,5707566788.666666,2143,550,47228,8525.8,13910,4300,70,927.3333333333333,130,0.3011997399856804,0.66
Oct,Shasta,14,78241,139584,148012137780,13917160,501000,96509231280,10572295555.714287,2934,501,27555,9970.285714285714,20370,6930,100,1455,230,0.44600656944568706,0.97
Oct,Sierra,7,2401,8143,10412967080,209725500,607110,5642117420,1487566725.7142856,1239,604,1344,1163.2857142857142,17820,6970,70,2545.714285714286,1500,0.8478758850478967,0.8500000000000001
Oct,Siskiyou,1,24388,3565,6399540,6399540,6399540,6399540,6399540,3565,3565,3565,3565,270,270,270,270,270,0.0365446121043136,0.01
Oct,Solano,13,161786,145566,57540086010,9268980,1190000,46576454400,4426160462.307692,5720,859,32712,11197.384615384615,15020,5760,60,1155.3846153846155,160,0.22493602660304352,0.7100000000000001
Oct,Sonoma,18,206362,401511,992962493800,117420190,689990,623482116290,55164582988.888885,5070,1130,105599,22306.166666666664,49130,15200,70,2729.4444444444443,285,0.4864158614473595,2.34
Oct,Stanislaus,3,186003,4263,11439390,897390,522000,10020000,3813130,1450,1112,1701,1421,400,250,60,133.33333333333334,90,0.005729746294414606,0.02
Oct,Sutter,1,34675,1556,2931040,2931040,2931040,2931040,2931040,1556,1556,1556,1556,140,140,140,140,140,0.011218457101658256,0.01
Oct,Tehama,14,27858,98350,84970444280,34530300,802080,48205655940,6069317448.571429,1636,557,27067,7025,20920,6630,100,1494.2857142857142,340,0.8826010481728768,1
Oct,Trinity,9,8951,7074,3160873720,5136000,715360,2610206430,351208191.11111104,538,505,1516,786,10720,5430,80,1191.111111111111,320,0.19757568986705396,0.51
Oct,Tulare,8,151433,13499,31166800,1985575,582050,15833160,3895850,1654,903,3385,1687.375,1220,360,60,152.5,110,0.022285433161860362,0.06
Oct,Tuolumne,9,32009,46718,13228622880,1716400,696560,13209899760,1469846986.666667,1877,609,28505,5190.888888888889,3540,2670,70,393.3333333333333,110,0.364881752007248,0.16999999999999998
Oct,Ventura,29,290889,126938,2415987180,2951280,537180,1920519460,83309902.75862068,2608,1527,19764,4377.172413793103,7230,2140,60,249.31034482758616,110,0.10909487811501982,0.33999999999999997
Oct,Yolo,10,79713,49555,12310774130,4391440,853370,11363880580,1231077413,4774,895,12995,4955.5,8740,5570,70,874,130,0.1554169332480273,0.42
Oct,Yuba,11,29477,45305,31801179930,12582610,1187200,18941976300,2891016357.272727,4154,540,10357,4118.636363636364,18770,6630,70,1706.3636363636365,320,0.3842402551141568,0.89
Sep,Alameda,8,619166,66974,58015530,5708860,2081800,20048420,7251941.25,5786.5,3826,27038,8371.75,840,190,60,105,100,0.027042021041207044,0.04
Sep,Amador,4,19079,12875,1199885890,3008960,576880,1193291090,299971472.5,3159,1067,5490,3218.75,1850,1510,80,462.5,130,0.16870643115467268,0.09
Sep,Butte,10,88341,96954,1470019118950,102195025,559920,731579125900,147001911895,4328,618,33689,9695.4,124670,59900,60,12467,565,0.27437429958909226,5.93
Sep,Calaveras,3,29159,19134,3488985000,22290300,20456940,3446237760,1162995000,4691,730,13713,6378,2510,1680,300,836.6666666666666,530,0.16404883569395384,0.12
Sep,Colusa,1,8220,903,1769880,1769880,1769880,1769880,1769880,903,903,903,903,140,140,140,140,140,0.027463503649635037,0.01
Sep,Contra Costa,7,421474,73988,39876990,2112570,895500,15673040,5696712.857142857,3488,2347,50203,10569.714285714284,660,150,60,94.28571428571429,80,0.043886455629528746,0.03
Sep,Del Norte,2,11590,3891,4609820,2304910,1565120,3044700,2304910,1945.5,1439,2452,1945.5,260,180,80,130,130,0.08393011216566006,0.01
Sep,El Dorado,10,93927,61301,7839006350,2694105,224880,6951946510,783900635,867,508,25747,6130.1,4380,1790,60,438,165,0.16316128482757886,0.21
Sep,Fresno,11,338718,34153,40282530520,3711370,690900,40143300960,3662048229.090909,2237,1765,6139,3104.818181818182,13550,11760,60,1231.8181818181818,130,0.025207547281219184,0.64
Sep,Glenn,3,11185,2439,6550740,2249100,1442520,2859120,2183580,918,510,1011,813,520,210,120,173.33333333333334,190,0.05451497541350022,0.02
Sep,Humboldt,5,63591,8724,1513721580,16728600,1726950,1471272950,302744316,1526,707,3282,1744.8,4160,3010,110,832,350,0.034297306222578663,0.2
Sep,Kern,11,303102,25646,210668720,4432000,933450,58452590,19151701.81818182,1906,1539,4638,2331.4545454545455,2610,590,60,237.27272727272728,160,0.021152945213162567,0.12
Sep,Kings,4,47140,5145,12771970,3223025,673920,5652000,3192992.5,1271,628,1975,1286.25,670,300,60,167.5,155,0.027285744590581248,0.03
Sep,Lake,10,35492,20979,42938220,1946535,188580,21735120,4293822,1950,524,4492,2097.9,1190,220,60,119,100,0.147772737518314,0.06
Sep,Lassen,2,12710,3126,329786540,164893270,806540,328980000,164893270,1563,1480,1646,1563,1570,1500,70,785,785,0.06148701809598741,0.06999999999999999
Sep,Los Angeles,4,3571222,145438,8419588940,71773540,7239960,8268801900,2104897235,28324.5,22771,66018,36359.5,2120,1740,60,530,160,0.010181248883435417,0.1
Sep,Madera,3,51491,3352,7380270,910000,359870,6110400,2460090,735,592,2025,1117.3333333333333,440,240,70,146.66666666666666,130,0.016274688780563595,0.02
Sep,Marin,6,112601,11355,16536180,2559930,314520,6181760,2756030,2120.5,680,2918,1892.5,820,320,60,136.66666666666666,110,0.025210699727355883,0.04
Sep,Mariposa,4,10512,10122,5980070,1201335,823320,2754080,1495017.5,2803,722,3794,2530.5,390,140,60,97.5,95,0.24072488584474885,0.02
Sep,Mendocino,4,41054,6988,6993490,971110,327320,4723950,1748372.5,1279.5,669,3760,1747,410,150,60,102.5,100,0.0425537097481366,0.02
Sep,Merced,4,88113,9853,5366230,1157985,901460,2148800,1341557.5,2223,1545,3862,2463.25,310,90,70,77.5,75,0.027955579766890244,0.01
Sep,Mono,3,14215,4577,62986070,1995840,374500,60615730,20995356.666666664,1290,780,2507,1525.6666666666667,1060,830,70,353.3333333333333,160,0.08049595497713682,0.05
Sep,Monterey,9,142847,22404,17563130,1040560,363480,5003680,1951458.888888889,1787,849,5587,2489.3333333333335,870,160,60,96.66666666666667,80,0.03920978389465652,0.04
Sep,Napa,11,54759,29189,17886913220,8470960,2651760,14968708970,1626083020,812,580,10628,2653.5454545454545,12490,4670,90,1135.4545454545455,380,0.1332611990722986,0.59
Sep,Nevada,7,54813,56059,8625571570,27666000,435960,6031828800,1232224510,2885,1211,22034,8008.428571428572,4870,1850,60,695.7142857142857,360,0.25568295842227207,0.22999999999999998
Sep,Orange,2,1112447,25629,10333980,5166990,2897640,7436340,5166990,12814.5,11686,13943,12814.5,150,90,60,75,75,0.005759600232640297,0.01
Sep,Placer,8,172645,32092,2003000280,12684090,906720,1780738100,250375035,3666,1397,7063,4011.5,3500,1700,80,437.5,175,0.04647108227866431,0.16999999999999998
Sep,Plumas,3,16137,13558,6374362210,9145150,717660,6364499400,2124787403.3333335,886,827,11845,4519.333333333333,3590,3150,90,1196.6666666666667,350,0.2100452376525996,0.16999999999999998
Sep,Riverside,6,867637,52138,1038011070,75595515,6723840,725360160,173001845,7917.5,5367,13017,8689.666666666666,2460,1180,80,410,325,0.01502298772412887,0.12
Sep,Sacramento,1,585981,5294,1903800,1903800,1903800,1903800,1903800,5294,5294,5294,5294,60,60,60,60,60,0.002258605654449547,0
Sep,San Benito,2,20246,14649,29151130,14575565,7279690,21871440,14575565,7324.5,5243,9406,7324.5,470,360,110,235,235,0.18088758273239158,0.02
Sep,San Bernardino,8,735705,79552,447572760,9826175,1361040,209912120,55946595,8524,3787,27275,9944,1560,540,60,195,110,0.027032574197538416,0.06999999999999999
Sep,San Diego,2,1233344,46754,1414900700,707450350,501491900,913408800,707450350,23377,19835,26919,23377,1580,930,650,790,790,0.009477080198225313,0.08
Sep,San Francisco,7,408176,58663,71173460,4089520,810660,44279850,10167637.142857144,3096,2352,26468,8380.42857142857,740,150,60,105.71428571428571,90,0.035929966485045664,0.04
Sep,San Joaquin,3,252576,9733,5972690,1607100,1307430,3058160,1990896.6666666667,2013,1333,6387,3244.3333333333335,270,110,70,90,90,0.009633734004814392,0.01
Sep,San Luis Obispo,7,123678,10322,16091170,1484910,240120,5645920,2298738.5714285714,1296,667,2467,1474.5714285714287,840,280,60,120,90,0.020864664693801646,0.04
Sep,San Mateo,7,281148,27503,182301980,2635920,1047000,166323850,26043140,3050,1853,8428,3929,1150,550,60,164.28571428571428,120,0.02445598048003187,0.05
Sep,Santa Barbara,9,160661,28095,83846390,1748250,454680,37344240,9316265.555555556,1305,836,12792,3121.666666666667,1710,510,60,190,90,0.043717828222157216,0.08
Sep,Santa Clara,6,681145,55050,41547170,5658905,2660940,16124020,6924528.333333334,6321,3883,19611,9175,550,140,60,91.66666666666667,85,0.020204949019665415,0.03
Sep,Santa Cruz,12,106148,45870,194094292330,31692870,436230,192244806000,16174524360.833332,3861.5,541,6406,3822.5,35760,30600,90,2980,300,0.10803312356332667,1.7000000000000002
Sep,Shasta,7,78241,19185,3875733360,957280,342720,3632820350,553676194.2857143,1496,604,11052,2740.714285714286,4700,2350,60,671.4285714285713,90,0.06130098030444396,0.22
Sep,Sierra,6,2401,6450,1061677440,5914035,792960,1009299900,176946240,1237.5,603,1345,1075,4590,3050,80,765,255,0.6715951686797168,0.22
Sep,Siskiyou,10,24388,9294,749663330,2727795,324480,599827340,74966333,697.5,507,2929,929.4,5160,2660,80,516,210,0.09527226504838446,0.25
Sep,Solano,3,161786,4571,1936900,422760,361140,1153000,645633.3333333334,1180,1013,2378,1523.6666666666667,220,100,60,73.33333333333333,60,0.0070633429344937135,0.01
Sep,Sonoma,18,206362,95243,24063623480,3771350,654840,20718912660,1336867971.1111114,3478.5,1284,18856,5291.277777777777,9130,4670,60,507.2222222222222,115,0.11538340392126457,0.43
Sep,Stanislaus,1,186003,2749,4270840,4270840,4270840,4270840,4270840,2749,2749,2749,2749,140,140,140,140,140,0.0036948328790395854,0.01
Sep,Sutter,4,34675,5650,11389320,1554630,345540,7934520,2847330,1417.5,1004,1811,1412.5,520,220,60,130,120,0.040735400144196104,0.02
Sep,Tehama,5,27858,5814,320133650,5550000,1173840,304967520,64026730,1196,901,1461,1162.8,2270,1560,120,454,230,0.05217531768253285,0.11
Sep,Trinity,1,8951,641,196884160,196884160,196884160,196884160,196884160,641,641,641,641,1760,1760,1760,1760,1760,0.01790302759468216,0.08
Sep,Tulare,14,151433,21615,6694793680,2534775,419400,4138550550,478199548.57142854,1283,810,3943,1543.9285714285713,13730,5130,60,980.7142857142858,155,0.03568409791789108,0.65
Sep,Tuolumne,6,32009,40205,5087221730,3864210,792820,5070431850,847870288.3333333,1658.5,569,30347,6700.833333333334,2430,1650,70,405,180,0.3140132462744853,0.12
Sep,Ventura,11,290889,40230,64941250,3798900,637200,22438750,5903750,3147,1760,7420,3657.2727272727275,1360,290,60,123.63636363636364,110,0.0345750440889824,0.06
Sep,Yolo,3,79713,4539,5532830,474110,427520,4631200,1844276.6666666665,1410,668,2461,1513,290,140,70,96.66666666666667,80,0.014235444657709533,0.01
Sep,Yuba,8,29477,20825,7586226420,11017755,252350,6618145950,948278302.5,2854,515,4366,2603.125,9110,5850,70,1138.75,330,0.17662075516504394,0.43
